AKT,MEK1,ERK12,JNK,IKB,p38,HSP27
-0.23956677094997272,-0.5826182950493295,-0.006111552238125206,-0.11003206332115148,1.088828519817934,0.5571313117257581,1.3795872611708249
0.1757899696208909,0.26097829161803376,0.009758991874386225,0.5688376341298496,-0.16580261199677587,-0.19759922308385092,-0.24022059248779187
0.26696323674192296,0.2901764300005228,0.4216815472788996,0.026334618597847845,0.20653726682708118,-0.1233296861396758,-3.5543863218539795
-0.40450951611871955,-0.047591020691969355,-0.7029451061179623,-0.08633644175653249,-0.9665308996473236,-0.04621104591147601,-0.7457156675740053
-0.2733653919814956,0.04872137388220826,-0.6284202032865714,0.13553709118393795,0.6719303401463361,0.13915776472497915,0.15542840126858432
0.16127926623596556,0.01661817511034057,-1.3283324684056548,0.46007517250061414,0.39474017675201084,0.6217128446067278,0.07609112095649112
-0.2853913903650951,-0.5970800898179248,-0.14949390977467175,-0.4600665525844698,-0.2596734947543158,-1.3638759180779156,0.14617923400763122
0.21700331931108893,0.16680689509488358,0.11867906435417645,-0.5900100490909709,0.16464993703194092,-1.714177117539394,0.42476400006987136
-0.7294405443146588,-0.2551941573415717,-0.597206054118061,-0.9025539568718068,-2.303277275472939,-0.027623281298142857,-0.21090588458919957
0.22297161860037398,0.13494642746258229,-0.5615555783172148,-0.15970641945194158,0.8403646447333931,-0.36908703262796083,-0.4310814718588262
-0.29353217466222503,0.10896523793654461,0.15547924856419743,-0.08566659872958768,0.3704253246444216,-0.6506094906018229,-1.489714818458121
-0.09680418576720681,-0.075001706346899,-0.16049755088569434,0.7508043823146997,-0.678007049827107,0.9005319566861674,0.17776456409787036
0.5627724089088388,0.31879647132616606,0.27428710539933904,2.386560254938545,0.8826862235711066,-1.003721315571033,0.11170804866035056
0.15053861310787475,0.037091226925797124,0.4620540313076033,0.29943636624643705,0.06706098846587277,-0.2645146210932801,-1.1293649578837957
-0.016700305274103804,-0.19339148774083859,-0.3927241333970305,-1.4285751132705156,-0.704451793056798,-0.5067893508404019,-0.8621860629542252
0.13636621429682522,0.36040877947214683,0.23430373900748608,0.1737157951346325,1.0317848570905472,0.2888013489189273,1.6014984824392684
0.0040725078480915,-0.5042141578937085,-0.36174064755193047,-0.6305597243021945,-0.29376339154226233,-0.8303358175249225,-1.1942014005099288
0.5242407590964921,0.6146012043622981,1.7668348073994835,0.6830349623838264,0.18034224758110218,-0.5393342080762995,-0.30782418391428323
-0.021837823477929508,0.6902583968581016,0.8207660899481072,0.5179268847684292,0.15554251813468897,0.7021874173267549,0.43633490400341235
0.3737561911502461,0.6400983218399614,0.2535049638985434,1.0171648165233789,-0.32536988943969036,0.6904100631506088,-0.16513515475235685
0.14006648657180876,0.4180840464525969,0.40337520455403386,-0.45077978455840495,-0.18954964468432195,-1.4148851003583383,-1.0156193718242394
0.29574164177457674,1.3348338473348782,0.9168704596856689,0.5799133558378923,0.16205063317917223,-0.05641737864674078,1.0988347059388326
0.019186594981524828,-1.8740215184723223,-1.4993195283437282,-0.20697883479273183,0.20674313264020583,0.11021375939340557,-1.2541829683860053
-0.44863551953362024,-0.11380747449963696,0.42169112993176283,-0.8930483417558934,-1.4545529405364597,0.12346485110166451,-0.5652056940603627
1.3315374833015277,0.2706651713315593,0.1447311026071582,-1.189560725469233,0.20581594096353145,-0.05268217838341986,-0.20227849495355377
-0.09787433474573881,0.28723510197189805,0.5617345923598949,0.0016312167072862205,-0.7506302015647204,0.1647652632044357,-0.09806423601395019
-0.15701745657104246,-0.967172915700029,-1.3088005295828906,-0.004442415130022137,0.040674237611961574,0.13225755919503174,-0.22114712688128954
-0.15024921705049052,0.8533543769841792,0.7004910955505015,0.03814274543281543,-0.10573532107290366,-0.6131672549887119,0.007403390983468261
-0.05977604405032933,-0.3862654565360018,-0.05803532103745451,-0.4303362698083236,-1.2735363410424778,-0.004388344368506651,0.5294267054741744
-0.49539685435985104,-0.3721007355790861,-0.40663303702172127,-0.1920233838957758,-0.3139126456380557,0.40689194574572757,-0.4575242215599118
0.03154406474725906,0.11356717598202255,-0.2802761217465409,0.8744988139868517,0.308844818722223,0.5820292577236142,0.4678123898700036
-0.20971452297899235,0.7371807252520263,1.7755842652599374,-0.40217227352420015,-0.9281834762777406,0.7142947975770405,0.7965724834040953
-0.21430772853917562,-1.0597546684917225,-0.4546172128901152,0.4491816041660962,0.9399860962464545,-0.5606920576078609,-1.3964880337682568
-1.7612655841103728,-1.2888719880541444,-0.9971278101705948,-0.930828499516333,-1.3071529239410578,-0.452642249964892,-1.9621781722439537
-0.09744470355805815,-0.17524751865837151,0.517945501569231,0.16807206034739608,-0.2783677161332789,0.07209441731351322,0.1387778474913964
-0.6212799051902551,-0.6557676324242737,-0.3853721347823065,0.7737028346767961,0.5048141010910623,2.421073718577379,0.2166483580309726
-0.04937300189848002,-0.12184248833134523,0.0020684064261720786,-0.9398595222377891,-0.28876988161550654,0.06885150805354229,-0.3803905382905521
-0.28032289997915416,-0.4732324104549206,-0.5199700518345439,-0.43497032331878804,-0.8448447882601876,-0.3720786154387164,-0.649282118099075
0.5502809010011225,0.30895162056336667,0.4376411661537459,-0.14533757078141873,-0.23416537532062942,0.3325403629740371,0.3208601917257085
-0.4084388743610646,-0.007261336692689135,-0.6149477868210692,-0.026657010313536948,-0.3278223629925825,-0.09572345708835847,-0.4068392955857614
-0.36900397454472955,-0.12259649559243227,0.25916839872465003,-0.09693448639252167,-0.26978289153062346,-1.2776969425230869,-0.5252841467784329
1.120403592244872,-1.7977030050926597,-1.8976268832255516,-0.6099141496797995,-1.1812243113690672,0.8297985566877146,0.32179628457384646
-0.0551100447459396,-0.06005926455660514,0.1421874187831355,0.07095131445934569,0.39553790524216853,-0.3123990232275032,-0.44467390365977366
0.12136038920372154,-0.3707007420034544,-0.13287931107570444,-0.9351789960293355,-0.8863109727974046,0.004280686435049188,-0.2141168468185853
-0.22586985858178552,-0.057658839774446746,-0.19604904160553857,0.16637586354330122,-1.0693257806172707,0.4372653593487631,0.9962034202280989
0.3406843641788073,-0.1036290617929031,0.6535259022895916,0.2527149561912567,0.0005141541356277757,-0.2873058314344763,-0.3606404818050891
0.3870171922847581,-0.3162990324235085,-0.24310207641350967,-0.12379684119270737,0.30305725760679103,0.0066672899580012155,-0.016187217347824773
-0.0004842173889486519,0.5608260530911537,0.6265026397745231,0.8484184465107438,-0.1512466335681779,-0.009208248694829243,2.2244437043043632
-0.3332230768887588,0.14859071731388346,0.9608185771157771,-0.07695401094812349,-0.2670266400758605,-0.442704723261554,0.1745904283025405
0.5222914399482713,0.7013187756500664,0.825947799610091,0.47639960671151227,1.45960114939553,-0.3042234234292883,1.3008020174725157
-0.3282536417288591,-0.8361488417937546,-0.822046082658056,-0.38268670845874925,-0.343123707758054,-0.05676583266802953,-0.9849670653678899
-0.012824120069258796,-0.532547106861817,-0.35984562993274727,0.4055463863906367,0.3598070044068195,-0.32956219349176297,0.09985818433988261
0.011574306638760941,-0.19408164108521267,-0.07919801339889472,0.35006330838746447,0.06221878508998721,0.7197039135367285,0.5531597972900815
-0.42166831077668443,-0.8774174553684224,-0.29482868264334705,-0.3122872510873642,0.0680345750710547,-0.015167764947006685,-0.11321922314318406
0.5735853232138465,0.04182340730387529,0.2568648152599296,-0.16384491258690426,0.31887859429455945,-0.28333142235777575,0.032689646636466216
-3.097005070893908,-2.783080464462549,-2.784357040363514,-2.123731228256949,-2.418323577477033,-0.20652230083379622,-1.91725298638386
-1.242165170828922,-1.2288760944159147,-1.1510994248471387,-0.5863343510958694,-0.8821862340313432,0.06898765093916788,-0.6445058752836079
-0.11743830578804985,0.49560137700406615,0.20750587746820698,0.4887127310028738,0.19827772927845996,0.3359679104660003,0.08321112410122611
0.45622319549681495,0.9947932314452739,0.9540112782788579,0.31062839544057896,0.16905898491654123,0.9703550279563851,1.0825842429078052
-1.3074856907684298,-1.1917570696144884,-1.7791753738174094,-1.0778168671378603,-0.9655119558044728,-0.46176439531595304,-1.2418442523326652
0.3440394177463958,-0.0446673679766304,-0.3496518654140334,1.1745351950422027,0.9995133834295225,1.7924602803439595,1.1964833222041058
-0.38201814263965495,-0.9729420190268594,-0.21994295733825142,-0.40897110639334555,-0.1714230930745305,0.2684653317906229,0.3854943891103005
0.9260518109731193,0.8689902571954855,1.5464363322268961,0.5127142703140525,0.1263416310063868,-0.07717197135618861,0.31722142107213896
-2.7959970459185484,-3.149104304639878,-3.200345723562776,-2.4908763572460564,-2.397915645150324,-0.4277022889500499,-2.079262725949464
2.2898766340941896,2.5529809149053593,2.3240032715887704,1.3970899650263306,2.044964412442839,-0.4644715620274076,1.0218039666103458
0.16543390719655923,0.2516274215849864,0.028770194159299434,0.66974778607423,0.8046420535284187,-0.6177921605351561,0.26289048358598865
0.18372691720626738,0.4034532640275362,0.5159403797476636,1.4210418985884696,1.187401767529888,1.7969160170370861,1.625728407764853
0.12753195264865735,-0.05581136479242843,-0.1246833063939315,-1.9908587487641383,-1.1472514939197453,-1.5944978521748658,-0.445260495880339
0.27126521915362645,0.20213884527153841,0.17397662775340095,0.17251795298482786,0.47934623920551583,0.03170347299855999,0.5545936412502077
-0.29226343813673816,-0.5375404991621214,-0.8515715717117684,-0.19218892573002344,-0.6694942013135204,0.06564452324824872,-0.13588305099725528
-0.03994694596591177,0.2653892507426153,0.1524324906022856,0.2395075816216225,1.1420040069451993,0.05058001278107465,-0.6424459624565168
0.018982418504622657,0.007696633752631913,-0.27553053857300347,2.0322070550376483,1.2935428772476965,0.25160995221748833,0.17855019999828875
-1.398878552932689,-0.09416684178653956,0.5101677448801009,0.13968823354067306,-0.3124576464393818,0.13036425132764276,0.44269878552659114
-0.8360389083656445,-1.3342007716479416,-1.7706291319445588,-0.47850118396044766,-0.6606230584835318,-0.5935351623172497,-1.0142705213814862
0.5217442338433853,0.2435759055014639,-0.40707748316864045,0.27820084605405754,0.4299468579233541,0.41154488623182617,0.9559573838763817
-0.7883362712570388,-0.8802420510394472,-1.5408824692679373,-0.7429615951322268,-0.48479550978094227,-0.47483048263487626,0.7669821673095719
0.7399102031471255,1.4928676394778222,1.5349016423602777,0.5705856347220605,0.23763519155068874,-0.4540459544988429,-0.30692758979774204
0.3677332345796047,0.49589111802302616,0.21973401901705217,1.001381347594736,0.42199979492634687,-0.39891908313221447,-0.3719365308084034
-0.08495012785730148,-0.21623357521571346,-0.9345993663890187,-0.180537915003673,-0.2746782786749068,2.6523582000366135,0.5214234170318396
0.10045215800653379,0.04918955953813754,0.42065596022857343,-0.11923429937635943,-0.5100216122114901,-1.0821541612890109,-0.5309404251092806
0.8499932010635597,0.7534946235038672,0.3625001338733348,-1.340230501933488,-2.1219398144758195,-0.35577884549400546,-1.506885200023007
0.10388375941031616,0.30629320910528335,0.614333918539901,0.40106871183926096,0.4040012693044424,0.4354016156655012,0.2288704270491893
0.19341570571304936,0.272416153834245,0.7119190188930766,0.9383381035968044,1.1242780838757562,0.26348775262544843,1.5754990957278934
-0.10768152677345183,-0.483324436981956,-0.5896340209462323,-0.722017827350162,0.12582834676071575,-0.26336579125865284,-1.0968923838602533
-0.5602886051588434,-0.5938949489366736,-0.6424469897073702,0.05887222907955536,-0.4998216708746985,0.40622646455295464,-0.30678895248361043
-0.8622506798716937,-0.5834997260566213,-0.4453989809713212,-0.857564424464217,-0.39537622553730073,-0.3331369838830071,0.2656704470718846
0.07178509071507345,-0.6305742020782346,-0.5321757474796244,-0.18179875285275462,-0.4496636300803605,-0.07135250053240327,-0.10777181998122909
-1.1508918873671334,-2.1755976869147013,-1.944543628263041,-1.714009043444566,0.02934109847990407,-0.4730333539182099,1.5691892188760876
0.4987182840552494,-0.46847477448252184,-0.38499563874502224,-0.3927000858803069,-0.34512129797372215,-0.09356305140584192,-0.2288067616237371
-1.7058708502239415,-1.385771590541239,-1.1990609697474757,-0.5496141501924499,-0.2327697316060915,-0.5045475252328331,-1.2327381034956535
0.40142578875391866,1.4671059056162012,1.1600676029384187,1.2586093064363713,1.8113388044460095,0.7195424885505524,1.4158386248082742
0.5174044790087358,0.3051715157723112,0.004225838728998399,0.026225847396712854,0.10964759977177033,0.7644635407475388,-1.437998409633395
0.11059403263842384,0.08470337951218652,0.08623824832058906,0.5972411579983492,1.2027445077524592,-0.019788607743271257,0.1966886448928419
0.6437774813608234,-0.3919995314574707,-0.46113832563760354,0.07221503377968916,0.5598728945074869,0.18596463462458696,0.24762670974878756
0.5886748558835267,0.5160335313296893,0.20704523023339544,0.5396662985068252,-0.18445046826330702,-0.7303293473934307,0.40948050535094094
0.060092089441942394,0.34322218618042033,0.34746573228967625,0.5665742441761521,0.8388823288537803,0.23723086474995803,-0.27944204735667233
0.42855677861858693,0.6702493553636281,0.29647888060001454,-0.17671589065734067,0.37529483600888514,0.019524964699691994,1.428081573177602
0.03796794623093631,0.003261053222032014,-0.42716208143994094,0.42422142079248815,0.02193841409223904,-0.023337251157165916,-0.10326774511146684
-1.0192523889472382,-1.3869702818574543,-1.375626682126189,0.23913352118968523,-0.11554673247382154,-0.3167163324341322,-0.6628547606861904
0.16217659873308238,-0.12977444298581567,-0.7803817648225213,0.01850322284114575,0.07746904140903514,1.073095108818866,0.5072994370548216
-0.11620138201049249,0.24412440122404944,0.4737836598526739,0.08194957529408647,0.029688245634182216,-0.09768658656718554,0.6587248666106579
0.9740682396334099,0.13459628865827156,0.42517464830353785,0.40107174723125844,0.7728109224484254,-0.7879065573648746,0.08065126187456916
0.3387284516494044,0.33529923006310375,0.19884112602579113,-0.10126306618150871,0.2927504412815235,0.24519546739316764,0.17151714158625858
1.031345656881383,0.3525284085563901,0.5528475091958263,0.4285664183596523,0.6768287853915375,-0.8353051168509835,0.1695933722649101
-1.3142482960061508,-1.0033983160744238,-0.8200837514764556,-1.6900292237757633,-0.4667493587975734,-1.6862055712319532,-1.1783260423952058
0.19324654967286437,0.15371398132991157,0.6256295257373405,-0.1533307728918169,0.2673217270078865,-0.021247912848070056,-0.8724153370397189
0.3284250666382962,0.13777089849125124,0.08630743144422973,0.8513888019155609,0.578121726079134,0.43149253444325714,0.6648062418477292
0.9285100702935521,1.4272503089305104,1.1116662167895932,1.2862501892150113,0.4386473277699948,1.5083814078221518,2.8297938983232775
-0.6134858368973847,-0.45024467041596056,-0.8162319108934418,-0.5920580585984078,-0.49987026040634297,0.206029019340353,-0.32723590749784826
0.054178677343099765,-0.507795132274514,-0.11402381511149573,-0.5000315350277497,-0.707765353212213,-0.08591884505052352,-0.6398813216507646
-0.5685640640025666,-0.5818927193416321,-0.8267590418461432,-0.03148482773133851,-1.2345917776952382,0.8509755378876674,-0.07714747810399136
-0.507782305902209,-1.2679128605336438,-1.1887916926551048,-0.40169309931363034,-0.28662017088109876,0.303046031315666,1.3570718887859714
-0.08643960860341438,0.006013201615054434,-0.21891043715454084,0.34196526382017023,0.1149500475602303,0.629890144268756,-0.23372584085973247
-0.10356563618663611,-0.22785579084407664,-0.2903993646529086,0.13302451250623348,-0.03546824232414632,-0.11976075908903604,-0.2344001000410291
-0.3329434532121537,-0.21281463309205095,-0.1742770789769717,0.4988502044744751,-0.38822304588898027,0.11485733237080446,0.12127550933124964
-2.34736978611444,-1.49771048394579,-1.4025727540178128,-0.32568161128706274,-0.8876579800141835,1.1316971729703995,-0.48113361288748735
-1.0844556579456777,-1.06058013868159,-1.0390986153313222,0.2134807839457198,-0.555496074718033,0.6598094761745611,-0.6373935578774568
-0.05315324643209435,-0.3157710783033858,-0.6386332989446222,0.056365683545841566,0.11849662615912691,0.43644845448949254,0.10264762730879508
-0.8296266682329879,-0.37931392765793254,-0.24760969694421378,-0.4597029479299104,-0.2572162944131303,-0.09329891021536561,-0.3744564086467781
-0.13212240878251136,0.0403698055033926,0.8578440662495715,0.29511435160649413,0.9593202386073658,0.4442927796589868,0.867385878799917
0.005231959756079205,-0.04320137743665008,0.5864671099431201,-0.41264902205985,-0.8007300001310593,0.26314244352361615,0.866688223216879
-0.15273218512375575,0.08100019099207281,0.25099234040251467,-0.4627106687236769,0.02480813585684527,0.314118321687788,-0.2459074214604111
-0.9091547481647034,-1.9524561157747944,-1.0835539651613595,-1.668729145554309,-0.48018133936583607,-1.7963526756917523,0.8642837979606206
0.7431898912312509,0.8929426681995318,0.6355775826329573,0.15939920219827675,0.28313706418875856,-0.08898582535873933,0.554703575388078
-0.12332888867694408,-0.2564602718053352,-0.1592158838805976,-0.19658163794279812,-1.3857443465672223,0.5277707564774815,-0.003974963561043265
0.056419632843841126,-0.16638899280518024,-0.17767638338712263,0.0837929554841914,-0.3332237893663646,0.11595203614170951,-0.5167662649059931
-0.04345942878020098,-0.2562592540512758,-0.7948907844130293,0.307104530986537,-0.3542533585585935,0.4427297727349388,-0.27021330872508026
0.3805069946387058,-0.24356008834297443,-0.34367379266647957,-0.45939560389963147,0.999164742775563,0.05851252414675574,0.002478088110235588
0.11882003040264794,-0.23021680783973353,-0.5512981933470801,0.026386628987702304,1.0172460165413106,-0.05971990632804205,0.8856142284541679
-0.0107279272505582,-0.6070386083447059,-0.022126810273657926,0.43753901696317765,0.030352671296962036,0.2848234705632588,0.05970358144375039
-0.057200719309235454,0.122224817093275,0.04338750811783493,1.0264634836225428,1.0608019323493258,-0.2890190162781738,0.018661299425533073
-1.1779963206885962,-0.7220612908328603,-0.7429309074847066,-1.8869588436689246,-1.7283675319803473,0.2460234935948496,-0.6832974579031902
0.3544574229710506,1.0459358197818769,-0.0773448643747695,0.8558140520652814,2.1020820148357915,1.0851404236548707,2.208411055693909
0.06809410475860386,0.18902929559381096,-0.2652404386148012,-0.012705290904378101,0.22366946299336013,-0.23762681373952135,-0.3980582802148447
0.26255974991951697,0.33544031987400297,0.4409166882510386,0.5648705350928342,0.4655372324274282,-0.46873387764057783,0.08980497676725814
-0.012554231710978945,-0.029083458667123002,0.3805131601758986,-0.5293778767168857,-0.2006381473696216,-0.3209533479728189,-1.6801426778095407
-0.14541618607614296,-0.12693253907440444,-0.2600911360903405,-0.11076078396553603,-0.1639620404500671,-0.2894721372862532,-0.16561898330336447
-0.08376114008649735,1.7493407564860404,1.84731908194768,0.9206362452407808,0.2917609609073416,0.715176039491286,0.7770898744518799
-0.16296851963515474,-0.39732168954108205,0.8450402571010445,-0.09698573065061233,-0.2600914358572555,0.012733165141090639,0.6249851874937682
-0.4761143245937678,-0.37199532181108935,-1.2739854617075879,-0.817529161699649,0.04390361464849657,-1.4748953827885387,-0.6479457700523256
0.08812214307585607,0.12011294294438452,-0.42811430570589104,0.35816958656642256,0.4409128664782213,-0.45026231469002137,-0.28684120931841334
-0.14785930827280627,0.6612045204728936,0.46543068199927506,0.2816039907527789,1.282960241112095,-0.5561115109164413,0.9473533416757395
0.5996688153551953,0.5961568824294143,-0.15751937607885547,-0.14368948943109242,-1.1867961826932227,-0.5549684636946492,-1.048196534205951
0.4124269298563739,0.12191698776244886,0.9038826725282076,0.07479630139616505,-0.4826892102785232,-0.12479728613155025,0.6501357084993721
-0.3077364354315801,-0.3738615446518331,-0.629876742148151,-1.919090648479502,-1.3563928758167152,-0.026510285108316812,-0.8438637760338785
1.5998831079720677,1.3143413963754704,1.21455909455933,1.7238674168102404,0.653404188732768,2.0011634297757506,1.8578114764707097
-0.1336193089280146,0.5472237302023175,0.5073988199393756,-0.7578077327127026,-0.631055055676373,-0.7103849879583596,-0.6003932897532498
-0.1024522642448795,-0.18476933650655805,-0.036823736613580016,-0.2043057622996419,-0.1061985522488049,-0.11481735887343991,-0.4682013624872363
-0.4390254553723561,-0.21975775923707014,-0.25794098330962667,-0.1324132268516299,-0.35559444493619485,-0.043126710732740194,-0.18238045906830574
0.9494624657876239,0.8071507428743522,1.0100455844108227,0.8447492616813845,0.6257516291783747,-0.27969903254923323,0.44647876779156603
-0.66005535902322,-0.4270399346340202,-1.0228645924760544,-0.5364009054442441,-0.47586431619873815,-0.5049444836441718,-1.0348223585843614
0.02231209354097214,-0.039284640964531284,0.4528681105876289,0.8992933404378338,-0.2923641801252326,1.6616665441988896,0.16491799502123317
0.4010021846166031,0.5852789142866156,0.4095861510024828,0.33708929135994536,-0.0479933039826293,-0.03164667916827807,0.29759385660295934
0.7803307405050101,0.36924706761784315,0.6926734494301434,0.1942571692142056,-0.4823047445628179,0.44751140755799695,0.805667573411734
-0.5774889194048292,-0.8879175447482732,0.7878418452556866,-1.0336569557285449,-0.9890335441087528,0.30447608549667965,0.01809250768992629
-0.03188338989888341,0.2411068382582464,0.26651249284808776,-0.03944092328572746,-0.3758464552502439,0.1342378269783216,-0.3784553852116892
-0.03314071593560135,-0.04247951818122088,-0.1665533586238326,-0.26519139976534545,-0.037814329008864445,-0.2402422470109254,-1.2078913966374132
-0.3497823119636729,-0.7522434577492914,-0.4954624712589506,0.4033148509908069,-0.003035249200490295,-0.3014616040282699,0.5549573494005591
-0.3581846519747646,0.408726609349219,0.42670641569648793,-0.12713776765400253,0.26323237451265924,0.14606552095103142,0.8241909034385613
2.4521528958876853,2.2609213615241277,1.898360992424836,0.825106453410414,1.4338604021627637,-0.15446159468210638,-0.008390499794153294
1.2125152641747103,0.04621279434057102,0.2306774406387858,-0.24444249569593315,-0.012217026638226491,-0.7030087314947914,-0.23438082213178132
-0.1293422096348053,-0.2287823998783057,-0.7380728747972661,1.1944013306987058,0.3012168941008438,0.01839973943933777,1.2299308237270616
0.004654224918095516,-0.06539611642319611,-0.6746040611352021,-0.40186247632470096,-0.06483625845330881,0.37573513523019375,0.02716282223689677
-0.7169971417110635,-0.22720443553434877,-1.220232832960015,0.2179170849356855,0.12753670252387922,0.12887890874260147,0.8998470125403205
0.11479579725842193,0.37899251895090674,-0.19262235602730843,-0.003986751582077799,0.31771686202931404,-0.24300793709017876,-0.2947979886691162
0.18106088451062263,0.04779400914000595,-0.2392191758844264,0.06924126261931925,0.5973276727211541,0.09499838070837602,-0.16862576785488878
-0.3479271551696821,-0.5450031428336984,-0.6595010653817192,0.8758501658317758,0.3490659902566866,0.0006713967262855768,-0.9294815427114839
-0.05868566976813548,-0.12844520162189105,0.21290450242475206,0.10777072300073628,-0.6180845214411901,-0.3666558818365742,-1.053738038759795
-0.45269978577231573,-0.23880957126031133,1.0158932228014494,0.8556729810685217,0.42010051387231484,0.5424978413943382,0.6062103797088274
-0.21962323835714412,1.1002112779786262,1.3013345922675923,0.9302197822485639,0.39611085329388257,0.5055852035955716,1.6408076007482006
-0.20132204909229892,-0.09750288551239589,-0.234367920715839,0.958826653295733,-0.2207321469231076,1.072715808289945,0.5652531129531655
0.027854606296846888,-0.21199604900897537,-0.062246114685195475,0.3756794723877519,-0.08873369465764325,1.2294016018856402,0.8371378014691553
0.40892814559348134,0.35849132163602365,0.29064890281122724,0.19286921399678852,0.3126560025565838,0.800582028341951,-0.11063141848689528
-0.5144323888275499,-1.1482191507535426,-0.9707557144782998,-0.2316109302931479,-0.4816356379253306,-0.11669519339947988,-0.3301027091167975
1.579122571070526,1.673206220876553,1.5228940104357995,0.9097904391971414,1.1263800266103803,-0.005997315846467862,1.2996397140006632
0.04221372122686684,0.2643439027189265,1.234819492497656,-0.3261297427233759,-0.05179549908170933,0.6300799503656496,1.0442993036665889
-0.13403892546723847,-1.714118777218128,-1.2016313859453351,-1.161036796779197,-0.7925179513219744,-0.28052645851721936,-1.2264447664364577
-0.4791769276842509,-0.3364576798266066,-0.4701542020827936,0.06330179003754266,0.23572371651727203,0.3737474090984286,0.30675611989904245
-0.24846364243608007,0.32394761293937135,0.22239581516069973,-0.41234768374859493,-0.29951858863605435,-1.6315594204017123,-0.287917076483445
0.25800666135851125,1.5618478889780774,1.6898190511677067,0.8101852763465385,0.33323687797075685,-0.6583024583225778,0.7148138821630191
-0.5312670772755732,-0.5664014489065803,-0.4970516394692141,-0.3504709688182841,-0.4350290341129771,0.6666437075735876,0.40202075812026183
0.10574178504931975,1.0415725753153207,0.20343435600496917,1.042999859724619,0.9234615651478714,0.43546920265049444,0.643120061563908
-0.8621277997798816,-0.597831706640186,-0.7326885053204235,-0.1854098149316299,-0.3730957273121436,-0.03605325106415221,-0.6427173857658107
-0.12490091283561183,0.14494254457487754,0.11507545898971948,0.5144569972988835,-0.23310265189299542,-0.4196315393364789,-0.2570371764580981
0.01735536705703735,-0.17700167801406946,-0.18902450604094034,-0.2065730422083482,-0.11574692781437618,-0.3282757198675139,-0.781104616304265
0.6607964646599275,0.5218887244133785,0.7736380269799714,0.26794913202505166,-0.1991736546237587,0.20861666405410187,0.5603662366127738
-0.26872710616668827,-0.029653854418212527,-0.4169529628078659,0.053972347894053585,-0.551831618200911,-0.0013669455633402374,-0.05838039666870021
0.31725878007309294,0.205965111763751,-1.0247735498421044,1.4555576049479948,0.5433997394197954,0.17491891243012944,-0.11226655053467972
-0.5049919838917304,-0.7397145721050501,-0.7106550197815937,0.6343029405924534,0.07340848889553096,-0.012883349698416815,-1.7733333779212384
0.9079097273102975,0.4625110612969338,-0.532891990426074,0.39163931930405854,0.9300865038836276,-0.07054648577792956,-0.9473806729059426
0.22179633263633078,0.056650270601375285,0.15392379814654544,0.44017626623720746,0.39612955744662637,-0.03579469595496652,1.202793009083288
0.1606830553751978,0.4631153630767101,-1.3869453575004933,1.6672009404673664,1.1122832890616483,2.0675814356689077,0.546739926512076
0.038347851970639724,-1.001155870445526,-0.8159006850819758,-0.34921470718527686,-0.4230607786365754,-0.11387396610576464,-0.41387130300377273
0.33342778892256253,-0.09952013643883806,-0.3549507860802947,-0.37393428902514814,-0.6444263477623253,0.32777054304683534,-1.7203863936331252
-0.14587711491760455,0.15027500402486782,0.2585695393045413,0.9105226427845496,0.7886084050853391,-0.0963777106559097,0.3341513985256958
0.023450703487427935,0.1569393905654663,0.6222744880443978,0.4950630810047915,-0.953772114612792,-0.3989344583944297,-0.03316770867205282
-0.491058658566087,-0.9831554460562446,-0.6555613740806425,0.682461044643599,0.08300609068586898,-0.4800283421691266,-0.3988400400466753
0.11489122205686365,0.1161483902819703,-0.48686156059706265,0.04979198902529722,0.3473644234576717,0.005139360748267545,-0.058887596929841274
-0.30682398749065554,0.3401735224470025,-0.03545094969250939,-0.296110798267408,0.048612182918731706,-0.728425687716869,-0.4744229497165918
-0.9929916283570929,-1.0587019983385766,-1.6681051076391482,-0.4152930427930659,-1.0537139726854414,0.023493024351255568,-0.9658302790027258
0.32743382637484447,0.15120737605368895,-0.2579557950760065,0.012066067213352821,0.10163668039050056,-0.5228947040818845,-0.18227647335366498
-0.14819048799306364,-0.3816731587468606,-0.2563343752898192,-1.1611563726026262,-0.4278087399316534,0.35162447898684807,0.4260741714317949
0.08169911775281047,-0.6434208903479424,-1.1198743128225566,-0.2846131637092022,-0.2599521880754968,1.8932785358925404,0.26943814131271127
-0.09310202698158969,0.14667884325747388,0.7284780047860937,0.1166529839168613,0.08924580247773689,0.2703630404282262,0.07912560523173451
-0.024295262156077805,-0.3583568831355435,-0.5556343161282719,-0.5407948190886938,-1.2021180979568968,-0.4813276681982936,-1.632337999323195
-0.07689839040281041,-0.7197588119598772,-0.7078886470015813,0.15276463705546794,-0.5664014333085757,0.03790793698334298,0.24943466968204397
1.006326707601622,0.36099042503713846,0.34939744429452196,0.12945385136399598,0.5765560598156165,-0.6029291148474994,-0.29639566471988577
0.4152190513268783,0.5576090141883809,0.4270606554561368,-0.07090853821292145,0.42315338615616677,-1.2017158681073083,-0.402599974808867
0.18879942161519628,0.3551597511339525,0.39424269768587106,0.7710343822941625,0.4993477274956801,-0.5888103426173388,-0.7473772915919084
-0.18655960184123016,-0.07511736008785097,-0.918149844820234,0.15844002894282058,-0.5220181269007268,1.2030977496289,0.559247388896136
-0.3636909012349043,-0.233979049203913,0.038998135017694086,-0.3323257616910357,-0.8511098799093227,-0.5150111727233257,-1.1871836623157574
-1.4202378725793787,-1.0050221490017055,-0.6270520074907882,-0.9636629481720618,-0.9483535497230351,-0.015544317559756396,0.04341295272430912
0.22329540319487778,0.09026225167791599,-0.010015228856465344,-0.08913137951166228,0.04497687822639503,-0.12665712827156056,0.2378484223452656
-0.8771973297707084,-0.6128019439800239,-0.8986931801234737,-0.5262479264682127,-0.8746026910581508,-1.02160128175292,-1.6307198806990781
0.3480225028989049,-0.41214841759059134,-0.6032887744953656,0.6023428290407987,2.0473995213515677,0.4773566523229588,0.2903111372270089
0.20798580214737983,0.3918119132601703,0.5132744857650735,-1.9640996727674342,-1.5988075842575893,-0.08193708413997482,-0.016673095075651845
-1.0058459956934918,-0.9859340234586145,-0.657459924942043,0.08020703882825153,-0.31403918603665126,0.0036847750526596964,-0.9323406154199125
-0.788210649562239,-0.6284669409738143,-1.0192466228806676,-0.11083022859734584,-0.12986346799011378,-0.016496516154366765,-0.3241694155426818
1.1434781533897556,0.5964744560083848,0.41586838553993083,0.2899907460559985,0.6685874401905272,-0.5269065636401593,-0.027767757827774256
0.21743857504366787,1.0043333842763569,0.9627059368468432,0.5155074490420763,-0.2050994462438261,-0.2672427279554875,0.16862393123570052
-0.09217915224942971,-0.06909646681636766,0.03599052195024249,-1.5233437246600336,-1.7031539396861333,0.5604383692144628,0.09036822830048763
-0.062163100811498055,0.39982384613038413,0.47697138493611724,0.791385078902673,0.9159162698481692,0.2753051570646276,0.22447484437820298
0.1801224743580893,-0.11520232972013292,0.6533296537090962,-0.3391546851183518,-1.0312443420813064,-0.08249412475545362,-1.0644221348271847
0.14642477630814296,-0.9766114008141553,-0.32154896146433243,-1.41364520711191,-0.7096256681120157,0.08724677300119955,-1.0223330450583648
-0.6597039168588142,-0.9630171759561724,-1.142196929732614,-0.6171652621454307,-0.49290078373240104,-0.1874306766310919,-0.4590639813576174
-0.17246938787852278,-0.6966515452139259,-0.37946519323035144,-0.2533045504167223,-0.9113960463036639,-0.33391394982996514,-0.32797362243892225
0.05194908075646707,0.5184768208423035,0.0935265337067217,-0.3926218184701274,-0.18399644408514115,0.15062561638626748,0.13848844695481596
0.20321433132948402,-0.11905711910608777,-1.4002124322325784,-0.0149566343435667,-0.0649629155396255,1.1539620737857939,-0.46858332613346554
0.6994881978311526,-0.8229956281460707,-0.6665690538400981,-0.54247960823638,-0.9603735984069269,-0.38476599992274463,-0.535954479105834
-0.12806287976028255,-0.08523746042469117,0.4045481741329606,-1.0516233329869946,-0.467209254082578,-0.23417854904363045,-0.31092982856564666
-0.031706298879632305,0.14227012119446136,0.4631227235423919,0.9456884191877103,1.2748758052707587,0.6995367944172479,0.9737201206828648
0.20319956260031044,-0.1601852807923429,-0.039793969796515005,1.0020967713216644,0.6108804014950766,0.9518023060427254,0.592774954242578
0.06757343727922867,-0.6299753362145422,-0.9783330871099815,-0.43764276205772246,0.1033308742617833,-0.3899198676178501,0.11375416126787363
-0.2314988022887146,1.21478358933773,1.2419664912023567,0.6351445333920088,0.015333392968210957,-0.17470059879693228,1.1871351786054756
0.06645932797008472,0.1144992099263917,-0.11952658975862057,-0.6683627232046403,-0.5141603016588638,0.3220585073725817,0.6113225132240068
-0.22306423214752333,-0.19173490963973716,-0.4269996481445464,-0.07751163884095151,0.03529501848285954,0.5468392722985055,0.13229178873965222
-1.5242314161033714,-0.9258690156134785,-1.1286219891888278,-0.233740871715664,-0.5131905299795804,0.1656824897222188,-0.3335962196766508
0.476819076389476,0.5187524495251897,0.4208074232114475,0.7466091037655103,1.7415253615224315,-0.04049424346481965,1.2794137785923998
-0.09178742412307163,-0.24959811313215552,-0.7241094023208325,-0.6576066455226341,-0.15199382646063664,-0.14099575565542044,-1.7119017087885546
1.2587721373882081,1.3342744750503726,1.1337315050024865,0.7058537157913061,1.0173672564822691,0.23662779811396312,1.2171355563526856
0.7157766207702578,1.2023349738000664,1.7551506332416942,0.5288067048595481,0.38579204024242114,-0.3200133328739245,0.7465624493743921
-0.3379542411048786,-0.7432282209625873,-1.0713324256140457,-0.3912370062982412,0.7443933712052591,-0.0750953384524969,-0.04180362848107955
-0.31815629044120775,-0.33906112333584304,-1.3134608054234167,-0.09844232022394246,-0.1880759085521536,0.4349737331019856,-1.831905469444482
0.49621528838927687,0.7307006426281181,0.3786163686335351,0.5719941501865402,0.3414054797227454,0.7031792869157792,-0.12157958505255484
0.3255422353514097,-0.027056073383750046,-0.2270233760644031,0.21915245707781655,-0.6085863212787879,-0.07552279390488947,-0.7165076546363515
-0.4624207674592274,0.006549261348558766,-0.161010273572462,-0.29628370337560206,-0.2188687556398307,0.1481638995611856,0.6376930704116605
-0.8444603267072204,-0.4052784338080848,-0.2735044769099942,-0.39145083385876583,-0.8657389516412946,-0.41939891448147404,-1.0138242962397521
0.08304867886046886,-0.3597152612703868,0.10309981005549251,-0.3470655647478669,1.0721710704488991,-0.24130454589162426,-1.043786869970925
0.04391267075042439,-0.11111663619649662,-0.4141289757604818,0.21417141784366864,0.2303249930869887,0.6225620240089064,0.05671843528534648
0.712936253018491,0.7754038153898541,0.6705714782520507,0.642438356268584,0.6971009899547949,0.2629488541671062,0.43462602418446383
-0.10843039580389487,0.052598277031601,-0.11786592850467884,1.6760163390388965,1.79184737154641,-0.7951667014449351,1.4070573252832974
-0.5448236646737102,-0.2416077310343744,-0.30370694528932934,-1.4075946102274268,-1.1183617423515364,-0.5198738657327002,-0.47672786331168515
0.48043492083771694,0.17413678191542842,-0.4630890831442042,-0.2017548472521778,0.6987526332147392,0.0019571836086525007,-0.24832786490926712
-0.5100655391684009,-0.8077457350830652,0.19123866976672466,-0.46826632085169095,-0.08774174320469413,-0.4280680798422207,-0.37286800053261215
0.47052667503831436,0.8096513250345585,0.8923329096824432,-0.12884910504453737,-0.35013549308164826,-1.2594936824269847,-1.0263710378400814
0.3792465682995182,0.14568060104467417,0.04958751267138095,-0.36813962941351874,-0.5949304841228963,-0.5182944298985082,-0.03135496770644802
-0.1347601403801677,-0.8229616451490633,-1.3739113287439824,-0.37767030178161004,-0.20046301238354633,0.1876513889083208,0.22781172247246606
0.007842896056625753,0.11770716016408561,-0.8127839109034019,0.048774585266991605,0.42384075249897973,0.2531146896335699,-0.459838740462054
-0.07601088202178118,0.3084100356994753,-0.05732519265119873,0.25289657246241026,0.3570094494087618,1.265358780216955,0.5879954174924567
-0.03196417382913528,0.09926503277309745,1.279556051660525,0.02761496929422268,-0.3626868276235227,-0.16218502343183325,0.20158643393082942
-0.34229349984347957,0.2989344022631241,0.10145170083959004,0.12121573682744602,-0.06800579460749362,-0.017125529183467998,-1.0740007904463311
0.790494253629032,0.6451454180409916,0.7838819002382142,-0.4347232021376962,0.18190976190122393,0.5300518102603075,0.7616265801133809
-0.0024463356020624377,0.5908926331559284,0.6863923671443206,0.16418702601375812,0.7273871376197126,-1.5911035243123932,-0.6577827597828223
2.325667618579641,2.2349382350009632,1.9892587176559207,1.4347621807271231,2.003309930109516,0.3189597283604547,1.635604525577825
-0.4682311203935105,0.19474759518325696,-0.04041570725235216,0.13544904572850588,-1.2846621131803766,0.7209444449390164,0.13018051237393474
-0.0696816308365262,0.15746684305233222,-0.18970938066655538,-0.009715568302804262,0.324431539477167,0.2776491553735902,0.11532637676499088
-0.1328905881095999,-0.029167813930721473,-0.25614408188065024,-0.32039820418004294,-0.25700088737037147,-0.5523955941017231,-0.3686556393493998
-0.6675548328041025,-0.2891259308467051,-0.404500711921008,0.6348876128726314,0.3863724092291193,-0.9889684119178788,-0.7929407066358274
-0.30595555743417807,-0.6577836217663316,-0.4331862142563863,-1.4005229771311436,-0.9061601734744917,-0.7400255529946486,-0.2892195481541727
-0.1955052017543533,-0.006882458619870246,-0.7677620942756842,-0.690029471953313,-0.45539455899807196,-0.4924343014982484,-0.24630998618565758
0.13204643778392053,0.5200818924393643,0.94556837342727,0.27720299404695486,-0.1843314362093384,1.1946900297934238,0.5826498873991054
-0.16031178062739873,0.5107019371861489,0.253242175653116,0.8015120173278998,0.20190513895409895,-0.4151494144073341,0.4834923516096744
-0.19041352654910856,0.19850031035793603,-1.0710784200886574,0.5212606282996963,0.9112862464043016,0.24250829551108385,-0.06928289749023706
1.852491124648022,1.636605178433319,1.842782902942314,2.5626747986210283,2.1824716052881437,0.5863165491803609,2.0483000196706147
-0.32810460887250265,-1.0414724781993274,-0.7743755731984174,-0.8992185480910986,-0.59309499594122,-0.1748428772068119,-0.40246709671867975
-1.4021799435411313,-1.3638298543586627,0.3789936909033582,-0.43974954489542517,-0.6317636867904288,0.6016125637628442,0.17093524478515165
-0.9126538837267026,-0.7201742264902737,-0.6267522527573561,-0.29254073796351127,-0.1282850583455642,0.2264539195592307,-0.2853224592710743
0.2856586229633225,-0.6025498219353268,-1.0362784439283312,-0.1433166333591548,0.2223842089624959,-0.16072875402780148,-1.2407631937823504
0.18226220385874556,0.7781620803776916,0.7358686829338495,0.16511959297944617,0.1866997311202031,0.3004412160078538,0.8644855659795047
0.21833037512583472,0.025128474273475532,-0.7124494404377044,0.01691215002569202,-0.4296760776061415,-0.02672232657467174,-0.4170551445485729
0.20774754977663415,0.2852621953152189,0.32975158646497676,0.6294418689151773,0.3774806233963777,0.17600920747374532,1.2947872072165951
-0.645342924820216,0.10187072316170576,-0.7756864593639108,0.140108807199388,-0.08499323599183412,0.14930145765075659,-1.0176720329615745
-0.19928032514800167,-0.3141282100545376,-0.36384691364798494,-0.02195594699637886,-0.4308898625604984,0.24202006003644702,0.5123578482398385
0.16121771170252974,0.02948388657378989,-2.3075821534350665,-0.2609326389490261,0.021611526876707615,0.6519154988159392,-2.0786059664815792
-0.202133314629722,-1.0070408890894869,-1.206686712082582,-0.6037663360122661,-0.04759243994222134,-0.6405001776314456,-1.4875290560429626
1.5411002935841183,2.200435063819697,2.0365122508693014,0.695243923526735,1.0144244621488414,-0.3795839993159775,0.7589237613967591
0.11092583024600462,0.9336142030679309,0.5655398324721196,0.16689316020827516,0.22619961058180316,-1.1173003798799193,-0.767143926342934
0.6171983580428876,1.3175926624471348,1.0379465028586394,0.17564088569420933,0.4099134417245466,-0.03074507396190495,3.020416808159365
-0.9340934032659913,-1.4971878091349682,-0.8939138592634026,-1.6409617079525702,-1.3522204730807887,0.19475153217978006,-1.065948124647239
-0.09803382032140542,-0.6535277599396073,0.17753291304550867,0.0036571306132811565,-0.10709189522579865,0.2822766792742568,0.34372490532417854
1.9717229553336806,1.5089197125764933,1.088252536008387,2.0450839739734663,1.2386666673293085,0.7680822075140297,0.5638972924572372
-0.008944107183826,0.07725667882587522,-0.22746827065931094,-0.05236853239823365,-0.4057963902123562,-0.15097991462505944,-0.5955874594041835
0.33374411421054884,0.6234691731012616,0.09862370083995498,0.9017306147323263,-0.03126967973649475,0.45182375740840214,-0.032391071721839526
-0.1565873647406087,-0.24873797197193717,-0.5128181025852361,-1.3060231078791462,0.8734143981032735,-1.5475062968151891,-0.639053415784382
1.0246352611770313,1.1505889483697151,1.0719025433321163,-0.3375178344380152,0.22562146113173187,-1.2347306586320044,0.16217541200225294
0.012402880746155382,0.17304122181831558,0.681894757809913,0.8317882559124259,0.346551006927732,0.34435859049307493,0.06638792032927604
1.1852877891722176,2.558487214705658,2.3630161787529387,1.8404136824611252,1.2362448410246505,0.3745257824218501,1.4994312238135985
-0.8914460395171078,0.1724031043005816,0.29328172531974306,0.26244423178543197,-0.3397594172264765,0.06245749303109325,-0.02401340921079534
-0.42114983072217266,-1.3849179819256472,-1.214919698177424,-0.29329890588084806,0.03187317147385538,0.2890289428122996,-0.04770308220913047
0.14469135237443553,0.21166912231464713,0.15373031922770314,-0.1927808385264106,0.47573695798171817,0.05293265112210485,0.19442195945034932
0.06928122139719928,-0.2894139718916923,-1.147594506873341,-0.038245495064837265,0.2378639224935947,-0.39971732821972583,-2.079127777171065
0.26118516847452355,0.49483365137004337,0.7007558254942401,0.2291662312524988,-0.026169654513920004,0.3332267009968989,0.48265389988075535
1.8547382078939603,1.744121493331028,1.9157017990689342,1.5062295426346282,1.75902644673427,-0.5878457493650239,2.228940129125799
-1.1456990083702887,-0.9933335634448639,0.05073587364568777,-0.48421408852412595,-0.08989464757464016,1.0278660967968403,0.4591551221396075
0.2981485830142004,-0.1529523233543305,-0.24897099641616693,0.17278601182337708,0.6893440960625067,0.21974224005020884,0.47217257610371394
-0.923331620198984,-0.1465890353767959,-0.6741676380710034,0.14794764536450167,-0.18204750708039402,0.023425628769689864,-1.2552643180288026
-0.3730993472360574,-0.3354281773905033,1.0352459261555484,-1.303060155484678,-0.8451790403774218,1.14997947086511,0.6801203836934727
0.3235228339048278,0.9957504784336366,0.16035932076611337,0.08703241015016566,-0.8765897850056108,-2.2323949553186715,-1.0321751889116768
0.0959021045350549,0.0015562123853548882,-0.21224982598210715,0.6040499301772452,-0.05242878293811942,0.1488076391224017,-0.8641355384072623
-0.033440917757826594,-0.1846156847789554,-0.40179556211436107,0.008428448084255719,0.7708956302558928,-0.2519443041443374,1.2680602181337013
0.04269359586182109,-0.23934925568946927,0.1440142121028845,0.11689817737712688,0.6988481176260241,0.004988531538311077,0.9837171010693446
-0.7685588862214833,-0.10378516003556382,-1.2175889981869006,-0.4186798268873428,-0.49049948397677146,-0.2858041177989744,-1.4526660652863557
0.801081569962624,0.6403360839067974,0.4480892571139037,0.5940867186764149,0.7675993855141978,-0.4859741386532171,-0.45209318939192866
0.019138594613223023,-0.011457440383692886,-0.14413796364371456,0.5916604347833416,0.29980067367313684,1.1817798551343728,0.5698978151407605
-0.3542224644432864,-0.48353370385863415,-0.3937794970507233,-0.09562005471245867,-0.1863194256906991,0.5070934396228616,-0.052888522322227904
-0.3363087014157084,-1.457271403368128,-1.178416210957037,-1.2738838134198582,-1.0093753814887825,0.00012060442610797077,0.16284693359719982
0.19949542226829117,0.2372640401237516,-0.9379131232958297,-1.3627816370591441,-0.7376126405894008,-0.253279794212663,-2.4272029849251924
-0.2753315428089454,-0.5976510126138169,-1.1585910500614363,-0.27314183940481596,0.13706901932590543,-0.23636863316179282,-1.747024201773998
-2.7280802576091236,-2.1435924641286066,-2.2259095970173948,-0.5499433669854613,-1.337523565798029,-0.11332751482240018,-1.242697987000595
-0.24227601394180584,-0.4803211302850947,0.3727275368670742,-0.20593605882336896,-0.1905906123524351,-0.19092870649749083,-0.041716457232038526
-0.16323862168966755,-0.22693554462583498,-0.11708455113099715,-1.1003623592768248,0.1910211321425772,-0.01819101217344637,-0.11068021331839314
1.0661802433994085,0.3094463592013461,-0.1183506358291661,0.27454546081691644,0.1985853041589149,0.2247608123614866,-1.0716468403335575
-0.26152478644103605,1.192072758665427,1.7688466662340414,-0.892672494584235,-0.2506597798102382,0.24942379359985875,0.649628523797543
-0.6616082967150606,-0.6492449778897749,-0.3181634551798473,0.07144682738829317,0.4092613347050451,0.5481534443507257,-0.2782153138794141
0.803915321170193,0.6728526014576877,0.660303688444846,0.6922247845306897,0.3704355963491835,-0.24224020638189125,0.3669137611556572
0.0548868593521633,0.11394090136367763,-0.0004510982593401297,0.2558384268453897,0.34518088759465015,0.6310617364957763,0.7168923944611759
-0.1263921152948611,-0.30216905739515815,-0.3632047712708371,0.1437662679464072,0.5284230684172588,0.10071069132118288,0.2784390231461611
1.2709630379901873,1.2728990365302628,1.3077659538645101,1.4107016204741383,1.5726067204123115,0.2710954385061924,1.3058865789680671
-0.031601416049182325,-0.07013192023552176,0.46661793294750137,0.25379340326984995,0.22699710484187946,0.7705909492969696,0.35866036915811755
0.20914590786749188,-0.2605157397597432,-0.2934573234758296,0.29383348479902827,1.13199389634123,0.12848229948333476,-0.20619257945563202
-0.5837312326442184,-0.6789224561675061,0.26999140052514126,0.5959935029159596,1.2016465292524205,1.2076557757092412,1.7363805706525959
0.5104127592726851,-0.1141803320264067,-0.47224511306575906,-0.40174296568340173,0.371298579230818,-0.05329765815909686,0.07152136450258686
0.3607747590079874,0.29119728379771437,0.36418783296272306,0.9805259438443736,0.39525873795486427,0.9780863137945871,0.9748114177495135
0.511117406432315,1.0491963171720164,1.1887618158475872,0.5978575291128109,-0.024474947974933325,0.5026252450271218,0.9822191873626374
-0.981160092338272,-0.4595642311376212,-0.23042322998894166,0.7268938633099962,0.38068448678740807,-0.04995276742459311,-0.07295246922788617
1.2384509159518466,1.6219892488675098,2.0317549660723144,1.3642022776205565,1.188399731773153,0.6439483265234943,1.18967332504026
0.019138944049279096,-0.0785431526760648,0.03605839588654282,-0.30755417431140264,-0.13471969854284607,-0.17900399084375118,-0.7700196576571438
-0.7077696563137842,-0.3202623399949376,-0.9031136622423885,-0.9167433200512232,-0.953185402705291,-0.788240471278614,-1.0494842346593074
0.015251789760247183,0.11118346551396982,0.42442095300591887,0.2591076867363045,0.28212077761180304,0.1841850062883831,1.1322252908654271
0.22566881066651695,-0.009569721349355742,0.39497905618899654,-1.0494660704091694,-1.2816247466531092,-0.3586087710605419,-0.3855418767621073
-0.9931315416860962,-0.873783400981492,-0.699357591232207,0.2941830356743731,0.3999728748767442,0.950432061240413,-0.019036230347323935
-0.04778017826298271,0.047602680611175986,0.26072000554157804,0.6087377424240715,0.6474831917825445,0.33244705173361405,1.0924670219123283
-0.030767868459045583,0.8103174134556482,0.7067643437768669,1.3955920453892325,0.594369756848205,0.2905624530641135,-0.7454560785338087
-0.2421610320907756,-0.20173747244070703,-0.5202610257756339,-0.779532738241077,-0.36664386215624944,-1.4554439800596137,-0.7181084797520787
0.29196960766267954,-0.9345856612980196,0.289207685237148,-0.46369597808910484,-0.37494420770884024,-0.16409167986864734,-0.6603932372288561
-0.0013869662227053027,0.28838218201343274,0.6428338867082171,0.3333663382407057,-0.31392705728812487,0.3344486979514982,0.9117943775926802
0.9423907782740709,1.1656161231948174,2.4706112251033723,1.4393393206348273,1.5713804662065822,1.67744287975496,2.2007383212753946
-0.09388877409702828,-0.19117360088982516,-0.09739704110673209,0.47644216333418904,-1.353599760955922,1.0171156377343034,-0.14981631107291443
0.011301759809195969,0.20983887908823007,0.8172501589484855,0.4620052720180975,0.041572892305967696,0.5006438541454443,0.681293526536229
0.14278821199298017,0.14710762203372657,-0.30033074764017303,-0.16210538507225247,1.359851890381259,0.11856536142719484,0.9000013424583421
-0.2767519478196089,0.13593820790492978,0.371848112365324,0.8282621900285821,0.7083302448768813,0.4258918163479258,0.888240365820326
-0.4747571617382065,-0.23219534461203895,-0.8623025908425352,0.7908609646696227,-0.13208595472779172,0.2940266481195413,0.5660101027959304
0.9010562773797235,1.487805408686317,2.10291161866831,1.423531963389416,1.1272649563806743,0.2790217914014145,0.5056683254152189
0.43094089553400067,-0.4818628548124731,-0.7799758730477986,-0.16137007575959933,0.030035831655962363,-0.2594906497860342,-0.37808469589097665
-0.2167403361981186,0.11218853183274624,-0.3891795789887825,0.8172051561309925,0.2980838239054503,0.07338901313300471,2.25569194281569
-2.1852922377893997,-1.3752393124583893,-1.507283782699169,-0.042499940593042906,-0.576633998269814,0.9840585014621875,-0.18723337222367584
0.6588001067775422,0.7090277418112599,0.8812554665945619,0.3474915927393893,1.0995128061544672,-0.3757706026205314,1.0653617599618939
-0.969061198870374,-0.5374853252340508,-0.6644293580365788,-2.0131548106473347,-1.578296463913833,-0.774280065951246,-1.0571352350532814
1.0089121614675727,0.7349220704008208,0.9286748950386636,0.015395279275542295,1.5008918642582076,0.12471603197002946,-0.08639535373400453
0.38237989275737544,0.19838053463135136,0.15229263945414329,0.35227277022765,0.325257708876733,0.5735168003346015,0.42393736692047285
-0.6972390001450581,-1.3953275726083332,-2.515547459666898,-1.0095952859848696,-1.64925431174855,-1.739797740068972,-1.2121139931205815
-0.11643233593751716,-0.6047023497072381,-0.4761296549228129,0.03562466191710051,0.15036067872879305,-0.002100999699445242,-0.5640741977474542
-1.9477415618444436,-1.8258441915534003,-2.160108803639578,-1.1705345336327806,-2.1183406111347125,-0.16650471347909584,-3.973147058620245
-1.0831845072855368,-0.8478574513485335,-0.9718387253122107,-0.03716409336367804,0.03458225954835409,0.44481164804709916,0.04442298223674196
-0.4137093564844658,-0.4791659914764831,-0.5904196617910568,-0.6454811482072466,-1.9642286664494097,-0.5375063819960313,-0.8585418678974346
0.06282179606860029,0.8726492306611164,0.8343811382028912,0.6775526010780001,0.5541075221630011,0.7655151872769109,1.2239966335367405
0.9324870403783648,1.1290225720075022,-0.274410872795557,0.34748961818070273,0.5565626085081419,-0.0463286775893365,0.17077030211955718
0.7020959715169334,1.433265448487215,1.2758483165345356,0.2979453049003806,1.0930917403354832,-0.46709386642419964,0.6686267310753834
0.010432877736226543,-0.1595712234596459,-0.9776630140613322,0.16656114474093225,0.5109804316358804,-0.3085015271697211,-0.7574066539685246
0.8545761804979397,1.2443405397165004,1.23405103305024,0.697717825838126,0.4139904422602039,0.2758990096647155,1.2389979419187909
1.0741342833631087,0.036387649278720735,-0.06897566447057762,-0.1443518287164799,0.19874692180321385,0.7259198673952337,0.3651035037995309
-1.1824792535423532,-1.2027345916794152,-0.7147650353272286,-1.1704057999670314,-1.084120243392988,-0.7934477963478721,-1.2428856418849374
0.8253813612632144,0.9024114773223343,-1.5298661552303188,0.44596799488056926,0.46444244803530477,-0.16101584387161047,-0.3821258787312364
-0.10035294661668141,-0.10618938069562658,0.37634371237938946,-0.9013728196964331,-1.0614927164986137,-1.2347707510278214,-0.7890396202607924
0.15228988854769238,0.2695975132560534,0.07112546638095393,0.3831167512546864,-0.676559171035977,0.708579241507977,-1.1274846198161597
0.23692891743985564,0.21182906191153625,1.012251318479883,0.5820436866490435,-0.08935582852058938,0.21225341844832116,0.8751962421199728
0.13618596647946113,0.6300885474142641,0.5455165187429508,0.8701809297064441,0.42858426951586037,0.8488372670402463,-0.39684693175682617
-0.23355138160230438,-0.7249512284064518,-0.6043209893065467,-0.2451663614638138,-0.4841323971624379,-0.17317299252371893,-0.8032408733087997
-0.9857203078780956,-0.750978411481896,-1.3223078916808968,-0.8905680840547701,-1.422612773008824,-0.20735806745169072,-0.9801091367896162
-0.35435398119553296,-0.4971893953571349,-0.4241437617491828,0.07560071311257965,-0.11701800239117827,-0.22800110641004437,-0.33179609719968883
-0.58525433329305,-0.5338265932564022,-0.6707206812450498,0.4303246938421571,-0.3588036262902668,0.3905531359489958,0.8564814307773094
0.11171935388986924,-0.058427207780136076,0.3645079948015487,0.13521150965032355,1.2354964263422195,-0.40632005547531325,0.23405118554543597
0.5543469175200733,0.4910412385530538,0.7361129117506344,1.0114845210947545,0.697396630737555,0.715929821537354,0.9740002589515813
0.13317204315819017,-0.07993646837151284,-0.4987719421923041,-0.4158845298236282,-0.3555387835455738,0.40798793893546365,0.17674654128998155
0.0923748631505643,0.108688478959694,-0.49234593743625277,-0.06043756001479049,0.10060838627234722,-0.3167749433090525,-0.3064734290173446
0.19138431558412036,-0.3397593755359718,-0.3438252614847577,-0.5355627335262442,-0.4112647331801653,-0.5502738721808381,-0.171011317830445
0.17741824828885688,0.06026584497315911,-0.26792537313812725,0.025219510197188523,-0.7147526290938419,-0.27294295644686617,-0.3510499470196966
0.03994511185258049,-0.28146164556016673,-0.26847062680913614,-0.3230597168693197,0.031023730987266712,-0.3644232069377458,0.5039294201231349
2.382854393348806,1.0035118985123834,0.5568923132383363,-1.5619756000272458,0.3017882468716935,-4.367371015478809,-2.8463982846313285
-0.6949788765251775,-0.9869868805860303,-1.353618666783596,-0.66638416202427,-0.6333349414521068,0.07021462111466757,-1.1927855715056772
0.008481332278598479,-0.8770070030819298,-1.4507275319055484,-0.7295294439206892,-1.1609991000027797e-05,-0.3934956066153404,-0.281388246440698
0.08471690696828259,0.0750487423515064,0.19680936247466485,0.4600677939687105,0.23588221989361016,0.004993887907605495,1.3571430433719542
-0.8069365614562181,-2.571462518564889,-2.1639199893178436,-1.3150524271046162,-1.6886655452084733,0.08218342508188525,-0.2218246673599571
-0.1922454765782945,-0.11949662081959239,0.034029181842806164,-0.0877653823021171,0.6651943761997765,-0.13817538628202983,0.911528817851857
-0.18830319796443998,0.12041705522703242,-0.026896163287688693,0.3141768730191087,0.23769334257102226,-0.8593177521808308,-0.8327731233943905
0.20728847338414477,0.07803092725785794,-0.2906148516967414,0.40180282963192565,0.3290763569236665,0.747033759040916,0.49606496359142654
-0.28281748993003625,0.303900250592948,0.34093882471071346,-1.5674966268834865,-1.986665756300984,-0.9356537996631876,-0.6566518075774606
-0.2837508066548002,0.1953731994622834,0.3146858423054197,0.11715561127469346,0.1848676887774622,0.09988374339400756,1.9753791582953004
-0.15958072226766684,-0.568890836299305,-0.5311319543973794,0.5245128287416407,0.3178812083955523,-0.15898435731621294,-0.08808550560287234
-0.031779270882186336,-0.1714547013644228,-0.13047218757222118,-0.506740763222604,-0.7497589177525048,-0.20395772940254936,-0.054052980819731755
-0.38463559005315423,-0.6468646771361348,-0.5569809891106997,0.16365947803330616,-0.3217187921970074,0.2362365403790809,0.944614078549679
1.2568710906176517,1.3231360648444213,1.8491110313648367,0.681589495530612,1.061355619512616,-0.09013575424878952,1.6170745268800764
0.2173318843957789,0.5682100961351331,1.2428380747446028,0.24666324613453186,-0.7057652578244309,-0.1547855275151633,-0.31184783527283166
-0.1222632466616462,-0.078266061546582,-0.4951293571043311,1.0619632736448221,0.6635661395394171,0.26956563395197736,0.26111495535057294
-0.23928212889417047,-0.46029955740422834,-0.26327909844717357,-0.24749622770484514,-0.03487786905649687,-0.12300659122403688,-0.0009918220010945444
0.4356017088891179,0.24519935915028074,1.2214186168454897,0.22163189207896414,0.186106264800045,-0.006859543751438654,0.5894380424592603
-0.6608598290482045,-1.3124955003990697,-0.57018241372252,0.4698501979411942,0.20912567790854839,1.4858108505242889,1.120292687517038
-0.6866331729379948,-0.44428573586931375,-0.40871372281517093,-0.3719228628997345,-0.37400445574235425,0.4670889138420476,-0.2771424434454449
-0.09298549208797828,0.6406809199369056,0.8260900945782584,0.8294083314503409,-0.4118358124052628,0.4027252029478486,0.3027304994833462
0.17119292882840978,-1.6772811846540485,-1.3283525792637734,-0.8371494492468192,-0.6524291943978695,0.5098536828173907,-0.8196856024236179
-0.178390890333595,-0.8945787364509555,-1.6875906018555378,1.013242342996697,0.5366113552910914,0.43186009589572505,-0.520928780674926
-0.46941455950410443,-0.1115131990183878,-0.2901877723242884,0.27743317421394176,-0.26367772919207655,0.06086772184639506,-0.983233353682496
0.02525585835289989,-0.3553989473954915,-0.6038569763699022,-0.3680393112321202,-0.3265661924943324,-0.21534965553892343,0.059793922914483766
0.6432595276602363,0.7118086331439922,0.15733438846411268,1.137738047486736,0.5900658794468987,-0.10303720290570718,0.5291517720117014
0.035103055961624864,-0.09147954173706321,0.02382772099079629,1.3363443907378576,1.0010656164947234,0.6753182306248092,0.6080898548265592
-0.24176920630824264,-0.47087824018582386,-0.6886135466101535,-0.46943847697089824,0.45895667185994116,-0.48492199751327,-0.2298500241297476
0.4160471514327753,0.886849295405064,1.3584263353453032,0.45350227610651206,0.18296252351431028,-0.07961592330271476,0.22811166034182584
0.23832725111519057,0.5259683517334074,0.561228697632974,0.3345176254496445,-0.8482746826159426,0.7415513942685056,0.1859007569012921
0.18394909850717733,0.3510605641360593,0.6913249090133584,-0.11039413087841482,0.02044568751558122,0.5253338125455382,0.6431406901283782
-0.018340072918135622,-0.6165849768343723,0.2307932131159891,-0.04430431296927684,0.8584155106023696,-0.2279851654683441,0.8720210084880742
-0.04328014201415504,0.09250820712039512,0.4360598702766643,0.9322313707640872,-0.4154391286285169,-0.03554181194397661,-0.16571723635143018
-0.09943258903221194,-0.92499973096172,-1.5783677141744703,0.01561874824953724,0.0025329473191031994,0.011874199001518102,-0.7862649440179152
-0.02451068866508508,0.19410047437928474,0.45653807880003555,0.5718295596862357,0.3402562887474246,1.4588817461916237,0.8142868771130878
0.8569069459159756,0.590411968976322,0.9125279158514077,0.06661745005934988,-0.840451151137807,0.32033887461753885,0.7003227519238997
-0.24747143818489006,0.28129167163395397,-0.3339035893677262,0.1370932723579765,-0.0824773802155318,-0.26070498633194994,-0.7975168805096458
-0.06437084828741702,-0.1652022216066139,-0.39716124194641766,-0.4228388136664767,-0.1812166075231697,-0.6337773356834911,-1.2701651346727694
0.4820123192495032,0.3874581407624508,-0.47460004374858106,-0.48592951138187596,-0.2441607836279476,-1.015139959385461,-0.054043017442495955
-0.027977735813945644,-0.2121942356663477,-0.7190519808741651,0.13233497649805076,0.09843102899006179,-0.3722001863334884,-0.3503257004804844
-0.03746539006302626,-0.14762653898938305,-0.7993222964415736,1.3185118476770201,0.8064668087183966,-0.010336237446361628,-0.18481723905978265
-0.08361254905462494,0.012042071818148162,-0.13209605464455224,-0.37657297624392444,-0.16719326006547375,-0.3274427586179044,-0.6944197168979345
-0.3014084682345052,2.283073046748414,2.6823709186164235,0.7904936124099643,-1.5359389163075985,-0.7164540213776068,-0.025136506249518548
-0.24588238031995785,0.8000979067371223,0.5326355387001419,1.1866756719646507,0.9041144873870159,2.2733818048798136,1.4537845377616325
0.8480536137478546,0.5698014763935605,0.7290612989870344,0.4261952549660192,-0.3326413306143778,0.43191758580848627,0.09536292884855768
0.2097509249045645,1.076252679528491,0.44293926787749716,0.17235860531472963,1.7813980234706206,0.05962576731312793,-1.1997456398989925
-0.2044137692824942,-0.5656082318899762,0.445956494388439,0.6125616482377012,0.8301780984766869,0.8258388465368154,-0.004895633371187924
0.20058699311883998,-0.008010317219800195,-0.08157936538762199,0.13824366305890712,0.7629558435417374,-0.013998275509589866,0.3193699504718775
-0.574198175777194,-0.145898071668562,-0.7255815740034317,-0.5497645970278238,-0.743836758036482,-0.331989886294516,-0.9687597836815618
-0.17693635223093948,-0.35120300802098725,-0.3738361374380549,0.4612036879102656,0.36048764068420047,-0.11601519259301478,-0.4934246945689214
-0.9474676920709044,-0.7918011627915842,-1.0522904763698937,-0.062362908712081166,0.19734650810669813,-0.07975675330751018,0.17443136609696958
-0.5916153210347077,-0.5548017912935183,-1.2463348625902222,-0.6559718187148895,-0.3831761958334675,-0.008969927704436963,-0.18023266138311272
0.6171529164194799,0.4391311896408724,-0.3881048353131532,-0.8082080766834806,-0.11459111705724226,-0.631163913376662,-0.6105007979219602
0.6475987000894493,1.1208104476157534,1.2123553836698906,1.4033554275056774,1.558145897156379,0.33540956157444185,1.6617215850053793
-0.00894924033582105,0.24825931177869992,0.4262249889615308,-0.23752092526584656,-0.10308106759296012,0.13587405376088119,0.40918623027676415
-0.34114060418421716,-0.34203010446734416,0.28452395501484656,-0.19629103266615844,1.2634416910424275,-0.1054256154943739,-0.933081732246277
0.005295168507290803,-0.6526410760159763,-0.8918064953163012,-0.1023223807684897,-0.25883306034474196,0.00813356183259207,-0.12555845679090882
0.6780267163133614,0.32160822774355374,-0.45433954178182284,0.004269982022113969,0.5470613396139088,-0.6943175503104301,-0.2389871115178931
0.0569685393886682,-0.05965764266276922,0.5229712788700406,0.6142105620104565,0.5116042652175921,-0.8606544475543357,-0.5214977576587803
0.10409727251046129,0.10376953508361235,-0.5948399964597703,0.3720535463848379,1.2635917845596056,-0.02858276843736429,0.15168342259344245
-0.3702241621638432,0.07824839894282581,-0.22448633770954307,-0.584416944063826,-0.06495167133879931,-0.6207417770059638,0.25908199802150433
0.0728140870480773,0.13598311331480226,0.013671893308876235,-0.3885093680211996,-0.13779891297191782,-2.937627505650998,-1.5797379267570777
0.578117439649237,-0.19857921943433288,-0.11907454112390081,0.4919647819420889,1.0186719814604905,0.1348966025202556,0.2150439653444262
0.47410313330341625,-0.03079358174488739,-0.030311109526235742,-0.25169523793802084,-0.5274531462136628,0.03764377650062431,-0.31791508498299526
0.14059131674953781,-0.2624703501481069,0.368361652239646,-0.036842504544626675,0.4906052572568572,0.6036509434673757,0.2267503491424766
0.522096405463086,0.1677695353019646,0.2484719686414861,0.09583975248556101,0.1580879465467711,0.39879353173676907,0.5774433901074719
0.4604880729164163,0.5707207012559723,0.5948772253672172,0.512403468552449,-0.10951985379681994,-1.477649160828666,-0.870530957235779
-0.2664498941371618,-0.7226051357089323,-0.30970358484537935,0.4710120059543167,-0.005307528923437055,-0.45050485285101305,-0.30408829637794843
0.03358237255104552,1.0437303194902086,0.9443343230247088,0.8762516684155681,-0.25386532519778543,0.46061183871924305,0.6746611833855186
0.4685478962635762,1.2110116877005712,1.1557752084546578,0.6460408077515791,0.6200794430224267,-0.0270740797240037,-1.9177282656631967
0.16651889955790392,0.22261236743229468,0.4020605809796802,0.43303601233424827,0.44228855648561133,0.03580121228947919,0.23535026968280517
-0.47708270838465083,0.09382560322439659,1.021113101956734,0.0738287187919577,-0.03755853761336185,-0.1269209774416551,0.5039909847833409
0.6055448156068137,0.9032130809390395,0.8955707045503534,0.16158579453449484,1.3786014942483602,-0.7507244590842114,-0.8522782444491348
0.5533640122269796,-0.7806621755959859,-1.1744414513573411,-0.39139291718587127,-0.03963818731214652,-0.014100345987447041,-1.2658757913507057
0.09635745833225137,0.04300760735945878,-0.3809342534448775,-0.4589228209224609,0.8963822949763451,-0.38357436266015776,0.1499215410183444
0.7145689721017151,0.5815797233708613,1.0013441872076467,0.5096433762498944,-0.3630059493106021,-0.019285427761435076,-0.4620040726282809
-0.25894524653906636,-0.45255789465357765,-0.7216692019624706,-0.15414850132718394,-0.8474208723253243,-1.4819165314535887,-1.352620798130092
0.9238810279226634,1.309484383603468,0.8604723747076639,0.33599296034307324,0.4837271328466582,0.9983106655369891,1.0451687954864899
0.7844094801497844,0.547492609599143,0.8831774171567979,-0.19345934792113298,0.8071271777752939,-0.720409637109707,0.920747864856454
0.1954248830526832,-0.2425452106388187,-1.1855307727473687,-0.0941358284598772,-0.19620687419312233,-0.4357852453133062,-1.0905861846299088
-0.5689833016340141,-0.22182195845137298,0.7301944307763408,2.4621332545008503,-0.009581485354582808,0.6643979666401139,0.18422208519902922
0.19897608874000644,0.4861094446847006,0.9282471425973768,1.3744652997697666,0.9745540725972708,0.11739488538158015,0.650208251972636
0.3567975191970423,0.4172488875241375,0.308480918770331,0.14108816697113352,0.20179515690636501,0.3637785131065166,-0.35308321166971407
-0.01479856515706647,-0.6132643148445207,-1.0365450463974004,-0.028352123298634374,-0.07480159196332174,0.36270643994273205,-1.0828931372424266
-0.06086910267795309,-0.10538094706959521,-0.11145657415373633,-0.25616645528242266,-0.9817853218312773,0.03511067921391604,-0.35497917153693903
0.6884522013717593,0.4575225557195533,0.7962358167312427,0.009233682841550878,0.1951973716259704,-0.681004016038124,-0.6510879221213645
-1.4065455258850592,-1.1292702290519454,-0.98930212117034,-1.643725075124747,-1.2589885779795813,-1.4238478707601652,-2.0606658969339113
-0.26061228376895673,0.20542781934877938,-0.36609454107523204,1.1796914675462935,1.094431678864551,-0.6672825656849891,1.4604863334043245
0.8179388470979465,0.4589793733465644,-0.8148287435107977,0.8782900151597982,1.5805731893063997,0.7541236487654378,-0.1761783726593652
0.12269337125942975,0.17325717096043808,0.3144263421372751,0.6239820652946818,0.942810659118648,1.7420770086139412,2.770381545237103
1.4347452929460864,0.41217918405094023,-1.0502897624365688,0.16797390607894083,0.4672300134724845,-0.08142306585536777,-1.412058729354459
0.6439923851641413,0.3242016806423703,0.26772496644695354,-0.28298991491664116,0.1744270690725697,-0.17640918837846736,-0.22978775816934896
-0.4153814159030186,-0.20075567839320688,-0.6872617395921438,0.06373099025153146,-0.037173898833573395,0.30992679976620613,0.16795325594603308
-0.16133301093357272,-0.15834428789778732,-0.11308670558972125,-0.08073246161887389,0.37288893939317735,0.07700032775462672,-0.12371724932725311
-0.08755490162544251,-0.333029010476744,-0.3116898904955429,-0.009535671922054373,-0.6937680584569177,0.01046667898861391,-0.10615336595354705
-0.4052635458667572,-0.39249094261463296,-0.5392965408825435,0.4594915819251472,-0.17157559273420156,1.4802398596749466,0.5336809908249427
0.7572373127294632,-0.13795108392452116,0.8296872602163817,0.3325987562389947,1.0460359695725145,-0.09848246825394068,0.6883253713643219
0.06766949736333625,-1.4598597732737695,-1.2179776776480804,-0.5550676997932783,0.36531238552293616,-0.3076020066011995,-0.5409876847143361
0.1088324611819451,0.6501457071084196,0.11925224107209242,0.4747024706664302,-0.7765186445561819,0.08438409392718649,-0.8076759391345536
0.1289435127056604,0.009607806418949955,1.0095462444230632,-0.1370037032349323,-0.26017155554119203,-0.3037960424897909,-0.326749407491186
0.6379107861567072,0.03783659469322542,-0.7458383857731363,1.812002562530291,0.87866732531596,-1.1831519846350613,0.08749744903333978
0.1611439232696872,0.18672177552524954,0.21998868772264712,0.09021470952013161,0.028012141979525826,0.043976270161821505,0.1864016069575363
-0.058553305985668214,0.8697904561747329,0.23393555895660945,0.20752618278400087,0.8714297222235446,-0.6956536282106384,0.20538774354512315
0.05230878496912554,-0.3576081626792186,-0.11480929183085431,-0.2155226474748567,-0.10230149485565734,0.7333569339888381,1.559949373863251
-0.11768844166592048,-0.7443864170324008,-0.563265388399334,-0.47712258221163706,-0.8081650135187773,0.6081535074127068,-0.2515168836160664
-0.08830197987773623,-1.4682799028112696,-1.4187415389537603,-1.3533683523113185,0.022241556151022635,-0.47104393893308205,-1.517953028256573
-0.5822788691924226,-0.5685248401581746,-0.5329973713157269,0.002701975255371747,-1.458305308243368,0.28303678257940923,-0.32728482555702715
-0.011529571647350929,0.025214364283974763,0.2784927286221983,-0.6799601676826581,-0.2674220202778975,-0.7703153548542886,-3.759625136808315
0.9177351201369373,0.3010952232722128,0.6034815568080505,-0.5680492193985491,-0.0057104901232574515,-0.06521167125475011,0.3712646277553542
-0.6083494587829601,-0.33644692092139605,-1.5017907560387498,-0.028741086051492032,-0.2757771249797825,0.0408753371211114,-0.756384735438784
-0.7681230627330218,-1.388650522371251,-1.6743973555019636,-0.20823076571744242,0.30012248767801164,0.4057678909665555,-0.20977757587597282
2.8303874778145786,2.25884077891904,1.9950212855122509,1.5466653825997232,1.7253102761344572,0.7901344460264198,2.433777093569183
-0.09901994965923934,0.06361395456968923,-0.3653316483270724,0.009278479782850693,0.14057860822664603,0.11481164638623059,-0.3863932042990297
1.051644572555969,1.055756235715776,1.211042392774356,1.0896325405802036,0.47937378594952257,0.13664060925455257,1.2744544118003938
0.0846644044736545,-0.10034542696143929,-0.7377918550751663,-0.37987363075208935,0.004342575733521731,-0.5593666966046998,-0.2921817081790237
-0.4587219783797116,-0.586071804020966,-0.7498774524428096,-2.73903652292206,-2.061890187077059,-0.20177012270212255,-0.5876509803219894
-0.029860778091236773,0.16950029812169623,0.046826994893330726,0.03361561410635169,0.46089991476272096,0.374754262404184,0.45080074095865164
0.32624491537148603,0.1366668867254515,0.45735227089593244,0.008497875278759004,0.4033683303265291,-0.46373841526003357,-0.6984640477070092
-0.18632257315577014,-0.23303521210347727,-0.485519715308408,-0.4170301092969721,-1.0938855192690142,0.053315186433368286,-1.770278951861029
0.5132091887911496,0.268066020866085,0.12738608448439837,-1.169910544479194,-0.6111965890811111,0.35093297425714726,0.3033019207422618
2.4210360373249835,1.693620712121392,1.635468299059478,0.44162591918682237,0.7449669135106636,-0.9986743938708067,0.38005005200864983
0.1345572591731137,0.17344255986911958,-0.05638136089581741,0.24872447253035224,-0.16388133816350356,0.18793687384715155,0.27091697621683375
0.0893491874378266,0.10078707826403273,0.34319506470003425,0.7337744564034325,0.2581950617978459,0.40844506470859493,0.08417982451286676
-2.412061346199791,-2.0465234116342397,-2.872245156778508,-2.1708819334157665,-1.7630427739462962,0.1538367575902773,-1.80316468118123
-0.3666695876362203,-0.969546410133689,-0.634612047824039,0.3335785962047364,0.14237624530353532,0.5506317073484185,0.9184238972075998
0.11994018410310886,-0.25777580879903983,-0.269095505584052,-0.21633506134317138,-0.0881040044840514,0.10920686027966377,-0.7842597341325195
-1.190928645653057,-1.0397801862962808,-0.7159784588111734,-0.8201612515371559,-1.0266182386144589,-0.8711926369532145,-1.696368023206524
-0.09330620332533927,-0.023652706788253174,0.14707930476172118,0.7213858320186628,0.16294349204346736,-0.21853672686877804,0.6580220360187048
-0.03110349937514406,0.5708261932699102,0.6460256047322241,-0.30390301377466833,-0.1781931454698671,-0.9276431602163836,1.1697177533681131
-0.028629838703236054,-0.20965090747998122,-0.5648696689712993,-0.011244066067932379,-0.7302065568132245,0.571368805321923,0.4006728301839828
-0.20578732384267176,0.4230807150866922,0.3955817746053985,0.34172997110726594,0.8182028077480086,0.2479556002391572,0.5466427610197467
0.07916300752858565,0.5629612220682729,0.10387281508767243,-0.6282079058840205,-0.12893570813334718,-0.49491825922736926,-0.441502426633856
-0.5220065859951495,-0.6334793413859341,-1.0622705058591564,-0.726879477363602,-0.7910842297930785,-0.17702640027868086,-0.6772657220252288
-0.9633864375021827,-0.37998049598947153,-0.1451323730593705,-0.7484761040965398,-1.0880990440504112,0.3341770310681544,0.7621035294923189
0.27503995454457464,0.6923445897157592,0.7551746543928967,0.39621315817626446,0.24145244614001554,0.2940103099524791,-0.5587668927040633
-0.6828585365006729,-0.9666192878258288,-0.921038792023808,-1.5467876175965423,-0.7463872082944285,-0.04988901491979665,-0.6618898974151649
1.2084742014346601,1.037523512619776,1.3556887851570076,1.5532061622706528,1.3312763349325358,0.6347095410090209,1.8243007630781416
-0.0072181051285607235,0.14105609993519633,0.3670383490917669,-0.020750706929713925,-0.8564963196690389,0.5939164430837808,0.12900230900781276
-1.1732605871252269,-0.9557905277409411,-0.5244966134644394,-0.8914745330017696,0.7290485907210312,-0.050163712369918165,0.7151225740604873
-0.44262931114145504,-0.785585106100836,-0.423610555355119,-0.3770117247521273,-0.4932831922693572,0.3039188143999728,0.01470485503451463
-0.25081065640187833,-0.24159713565838958,-0.34430106117326426,-0.028744476521868345,1.3848029465125515,0.09028771201079042,-0.9073846722487704
-0.961450259573627,-0.7091511684422231,-0.8539354696288071,-0.9369603391617171,-1.325229331285728,-0.38580512299786873,-1.1069523487894612
0.16613022797261964,0.6854950003612599,0.3876698148171549,0.3516323968389809,0.25067129425420226,0.3119185327158284,0.4382675469508514
1.1185987281788599,1.358625315654888,1.5200682282363678,0.8877866949168756,-0.09328675425046817,-0.15318991934599002,0.44396694667151904
2.069213023751666,2.304251311085629,2.410845426558566,2.0565210015659363,2.1299090141997508,-0.3344130531901076,0.0955397214628968
-1.1653815020737852,-0.791975867962074,-0.8656709584918216,0.3484469190813957,0.00852991809791942,-1.580219015449679,-1.010908432795973
-0.07172860752807023,0.35414385143564586,0.18094207611490937,1.4596230197649038,0.7796905935399401,0.16939802149807792,-0.019331254984267687
-0.210699596302097,0.06002221747452116,0.311411202059228,0.3446999542564274,0.7179369404219768,-0.1351718025883236,0.6535769785769023
0.6193596525102865,1.3443899388244933,1.929943909440296,0.8219498109450851,0.9248695533758294,-0.020017850780226405,0.9401119384765105
-0.16771261333024995,-0.8315393102812629,-0.3838990807914458,-1.3792825173905443,-1.2875174377361316,-1.877862824987,-1.0963932275161516
-0.25966058561625904,0.4903376536348617,0.13221270371372834,0.0546721565840369,-1.086773838372599,0.727425802321185,0.3631378853119627
-0.12366496991378056,-0.33666735121201297,-0.17446111802665198,-0.1394197183109981,0.06266556937005943,-1.0607194562257267,-1.3474412745312245
0.27207543730698847,0.45149399150195324,1.0064041452949668,0.19998507077871117,0.699001778911762,-0.20982762545295938,0.5719494354158365
-0.896851951595544,-1.732506348355301,-1.7336614400782409,-0.534185291087176,0.5971939315317789,-0.17003575081971772,-1.9040817346950447
-0.16983294332115875,-0.1360179985236198,0.03301787015464509,0.20664783377975238,-0.08903238969476354,0.8737801313754124,0.19891149893187793
0.04725411357398463,0.36202150808607614,-0.07427379268317857,0.21302291721916888,0.028848830468347936,0.07695034882701601,0.6533331597758809
-0.19799995633714798,-0.16758465255601057,0.09638974476696072,-0.04533696921179253,-0.6675516166945629,0.43276540851461565,0.02979505812274194
-0.3338981031605695,-0.17787893115905073,0.012606296219969837,-0.010538861988666659,-0.0685953700438291,-0.2720222925960409,-1.145228252217278
-0.7498914347486492,-1.1212822699858007,-0.931968481795394,-0.47056423423465177,-0.5506573954285521,1.234466877095478,-0.8191369732857476
0.09707864282536215,0.085376501806428,0.1272731669727976,0.23200875778590457,0.5952693729358973,-0.18844152996070512,0.12698802285059752
0.14061661086295435,-0.0173430371071272,0.8528129575498042,0.6327888382953453,0.6518278271805986,0.07748425373215491,0.8492939779268827
-1.075900488682875,-0.7279966882426584,-0.6344760949500292,-0.6461082532860705,-1.043110715428652,-0.08959873780831357,-0.36125902797584936
-0.03648803642369531,0.11890107018778265,-0.40985493108561877,0.2383493543923045,-0.1525716283228149,0.20747510938902003,-0.380801485008991
0.35633460796550415,0.5339079080963061,0.5515040721722886,0.16647039661282848,0.277334935043143,0.3359962224081232,0.3951634789102057
-1.352915402301858,-1.1255619628870592,-0.7690042032365618,-0.8164916372063443,-0.5976538542624076,-0.48707952804313775,-0.8817458509776265
0.08684024288277142,-0.5362462432320682,-2.3845619923771038,-0.8085090446788142,0.060971613270226044,0.10097252348454444,-0.712186390197382
-0.44051116040449906,-2.070673982143866,-0.7824592763801488,-1.6188776267220792,-0.9645232135771392,-0.4432975510372463,-0.5239357117921963
0.437479954122205,0.07514912491429049,-0.5761834160445949,-0.29470591671450513,0.14437852008303084,-0.04763495002691694,-0.19276135575252873
-0.4188856073726551,1.1485426370680925,0.891023688202065,1.2663527916582473,0.4512797407916463,0.04725849364080382,1.2192096625647564
-0.27028127612703307,0.10377132224697067,0.15394224524478156,0.4717773039834676,0.5845971226357327,0.06324822968411978,0.6505014452820783
-0.294556443720095,0.5239755234577097,0.9164773785025088,-0.3071442092955028,0.6249577113170308,0.20154392403606078,1.3645449000824246
-0.03886240907250989,-0.74030370968787,-0.21297010072083739,-1.0096482301179424,-1.5969508630206526,-0.018328551378058867,-1.0272359260192352
-0.09741535955133947,0.08406085687439296,-0.04506234008410595,0.11164268005646334,-0.10188064856957564,0.13073773320670343,-0.3191552708968489
-1.4680910282352633,-1.0471936658772156,-1.1281237561286042,-1.0365643266265536,-0.6911122773733054,-0.14308511945366345,-0.15641922197374225
0.3530883946370515,0.6869291836411201,1.0427059939439243,-0.0947875632852519,0.7463433795580173,0.131066875626846,1.3916483679199592
-0.1850294759612584,-0.09897085146179468,0.20282029089440462,0.21253834676001548,-0.7357334611241839,0.9037237812823946,0.43435823406867036
-0.31582128199156484,-0.3693987588094874,-0.11386722460706583,-0.11349571338925343,0.3506136943023521,0.28787964595724885,0.8580747772754233
-0.13039002017443696,0.2514289481050387,0.5308795117750753,-0.15943527358831253,-0.05331990055525304,-0.2314935920991119,0.1295515537576164
-0.2642102903698842,0.6648837929338249,0.5544546265175595,0.23856232249007658,0.43860770335497357,-0.026713098503625375,0.6898768668063159
0.09167765943796213,0.4098581985748767,0.5702822469221176,-1.6576927490173867,-0.2424678123839622,-0.504149391192163,-0.16542581033260767
0.5088769444439645,0.2902289240634747,1.184371033624209,0.02761094799585793,0.3719087352175853,-0.3015743634576597,-0.6602380698190402
0.24068978031320912,-0.4883462764824682,-0.4737799199445509,-1.0544690167368538,0.07208557738002908,-0.6675709901498676,0.12897412394328367
-0.3186926445481447,-1.162064126857753,-0.8049697112717822,-2.5727461920247694,-1.6822796076292665,-0.3731281835616424,-2.0864660485879427
0.6944899161667745,1.0180413093134246,0.8755713693983842,0.5822290212980761,0.2992859729603205,-0.1461458428933407,0.4766935558027382
0.30854449890578844,0.00691783416103775,0.23476293223823996,0.6596295304608679,0.7193161294540604,1.0520579650348074,1.8887232030076746
-0.30075148487470027,-0.2711714150577291,-0.17560471077953016,-1.1271555746687154,-1.0039574745320683,-0.33984858277801966,-0.05064189456583157
-0.09685762993854925,0.6308994201863137,-0.31252791690936366,0.33915146344498104,0.3159879144520233,-0.7850435986433909,-0.41772313008292566
1.1232630935687673,0.8436345659716212,1.024483636826242,0.01060289357828298,1.193052301775177,-0.4254371354340014,-0.26916723599824544
0.012410333286017402,0.07527258646906247,0.7013438505108573,0.28785061971042747,-0.782092689561329,0.28792002406538514,0.1681461634548505
0.7586044371043144,0.8823304725714012,0.6261830027763976,0.7732729234995019,0.9864829841666678,-1.4102926581097361,-0.09594136602014322
-0.06654215665056622,-0.9665193302096846,0.5599720544697185,-0.7235517681515363,-1.2680222039001683,-0.2871491325132206,-0.12516705824653152
0.20927328476959509,0.1306628982044229,0.3427902188836928,-0.028641587713427064,1.1959859076066093,0.09431979785406615,-1.7271263671198283
0.3485772914366507,-0.11943237119494976,-0.21918175790518563,0.737104257870244,1.6011140819702998,2.2765361758321947,0.6903410176895297
-0.3172343904057289,-0.10797085293655959,0.6643759606549833,-0.4738393725437299,-0.5418403291398306,-0.4690679766272804,-0.5997775167346329
0.15890728087882813,-0.3921464152803154,-0.545391684066268,-1.039655825750714,-0.32598115779332415,-2.3795106403056283,-2.083655169485784
-0.11460930196674271,0.00250189692712377,-0.5621092272481328,-0.9921993640392993,-0.8230332567249705,0.045067272133629155,-0.029251208346093627
0.3197369238728351,0.5511347409901584,-0.0265799944156076,-0.3708441705383539,-0.3975940279956732,0.030749182717102152,-1.3721113260543087
-0.6948774618755011,-0.44391214963811493,-0.29885123727490165,0.44675959764860046,-0.9128498677953375,-0.1227034837754494,-0.31387423462627295
-0.013745479750882493,-0.03204369277772855,1.5938417521770532,0.04943840518298477,0.25138998372154003,-0.01378979298596568,0.09842784821422701
0.39109206722814266,-0.6511349306925358,-0.6163887352145433,-0.2912055308943353,0.09323750762030435,-1.3527215585991104,-1.2437992583993358
-0.34882574888401713,-0.52178602874206,-0.14810637235330093,0.45641729440288314,0.09059235724812305,0.6635516758105244,0.5875783942838231
0.03977757292363986,-1.1109009533700593,-1.067684576856708,-1.3566914929227192,-1.4474896210199502,-0.18313901690679732,-0.6488675191873616
0.6037721919178356,0.6756134877008175,-0.047159296528809125,0.4808094101541946,0.7973369939241054,-0.035159994192088206,0.6838580359155615
-0.020497530107851752,-1.072356337049041,-0.9960328430329931,-1.048029725190427,-0.770855618799164,0.16067317944835016,-0.609804681378547
0.6797801004246993,-0.47222838668229095,-0.17768373730596496,0.17353475473419974,0.5398401111276838,0.2770464294568575,0.4227190369183068
0.29289287491983534,0.2523686645850316,0.34122935210624317,0.6338832523795181,0.8010214999544432,1.6495579231245765,0.21768606532158374
1.2299953670227013,0.7657981703788701,0.46766257695627367,-0.006277821801323635,0.08713395858881207,-0.9581148297381546,-0.5272872689493375
-1.2102291676389911,-0.2317824656874462,-0.1363377681441523,0.003450286366114788,0.39710899363509866,0.14603640587699915,1.267825403027274
0.7174296479163925,0.8165174817855948,1.345022904783597,1.6329182190593665,1.3248246971455282,-0.04183104977638114,1.6065252417016533
0.4503361934411606,0.400653193914174,0.2682368391721077,0.3405838454521472,0.2855024207522296,0.41893683178127167,-1.2162147929468035
-0.01959117043505656,-0.09483491753440801,-0.19008719262501148,0.3410527391059379,0.16837677152881617,0.6711071444704696,0.3040487016745369
-1.128408118513204,-1.03853904043932,-1.5189898607293406,-1.329922833388445,-0.5362245585673874,-0.11548420402887014,-1.1583421032255226
-0.31829513836988227,-0.4296487772862046,0.04767148547618494,-0.5185148403700797,-0.5699849190189059,0.19763874555104458,-0.588250480539772
0.060417892697082816,-0.015954085814796896,-0.8108356206286145,0.04919109934746389,0.0527634934034372,0.4956711358113896,0.8252884912881059
-0.04668225435691766,-0.10971353247123367,-0.11534798873333518,0.5376320997710238,0.03578598831745006,-0.32672965159449957,-0.1354633632773221
-0.05885151476192591,1.2113271850352887,1.218535564111219,2.0821404395368055,0.6225660531090377,0.2815702398298472,1.3927841689903069
0.09501405516110792,-0.24376471504114655,-0.5233020099489964,0.3558855139414313,0.49420040070868054,0.9099896533175523,0.5106807042098981
-0.11958529422443705,-0.9184130670742509,-0.09732570569955334,-0.9655590607866944,-0.0028511570351447135,0.17749512450023205,-0.1461136274826818
1.6773678181496494,1.0156880034934,1.074064928607938,0.6253479173938906,1.335864465435988,0.2638533644040502,1.965961996946227
-0.24122768519574295,-0.05792278433768511,0.2712706248555142,0.20281306376038433,-0.2759705991757689,0.2650679746479655,0.08789499360579642
0.3716289670280718,-0.31423870475095994,-1.0230810880420385,-0.18094909065830908,0.1438814446503695,-0.46379891428457665,-1.2289824532477358
0.2508815279465993,-0.5653144936943271,-0.8388754353624053,-0.3830013659835627,-0.5131673216976123,-0.17260888580103687,-0.8896032555549338
0.25911221830326175,-0.24291597509131882,-0.984391804143004,-0.08193760725119031,-0.01139102597624636,1.214572192636291,-0.30295233969564955
0.6614732132591903,0.6184998305929001,0.6847263395823809,-0.9039835958475427,-0.39939086618265474,0.03145526858203139,-1.1509092180522213
-0.319308658786334,-0.2397059489267511,0.2572716742625367,-0.06612531832551324,0.12054499552871184,-0.3138665409556539,-1.3791419972132697
0.3754655779643432,0.6206666627638753,0.6367987757220939,0.2376726721740663,0.5496138811483332,0.31208548443527667,0.861154637378825
-0.06695431357148204,-0.2365970005533819,-0.3006116035289923,-0.09495360004142098,-0.6546524920362314,0.24695123474707775,-0.36806834484941103
0.37076653308007,1.1038969577346887,0.7684321527117619,1.855564425107704,0.9920053015693628,2.0528510291561357,1.1872048499358279
-0.5379473593896189,0.26313808923704274,-0.25414789652765457,0.492087867318043,0.3717101667229236,0.5692982777988319,0.7230190227520968
0.5169219121059823,0.7335146709506332,1.5916942007050812,0.14849366954796525,-0.17444334540291007,-0.6568873648428718,-0.8631746042322451
0.2020592244535558,0.37001587461880736,-0.33137308707249874,0.2793487711732985,-0.015341220881075257,0.11806678312158166,0.7832117712346325
1.1625579868365448,0.6740113677222543,0.24747599330521441,0.03321057687781703,0.6121861140537648,0.7072969262890803,0.5614315462126939
0.41189226963999037,0.4634264042215237,1.1419838577699801,0.17303629730820752,0.36593391674489545,-0.003194363628286368,0.6003851750431226
1.1309517808969287,0.8376721435295419,1.2324047892980714,0.4890748413997008,0.9289239128489436,-0.08789355152885227,0.6809290273216728
-0.44431006897789854,-0.054090669925635104,0.1509757873329079,0.32775370214178023,0.3351598067717425,-0.124213738562988,0.732442508675081
0.35295071819368184,0.3808676246689847,0.021008975491690784,0.44759226558635185,-0.2233583039019299,-0.23206632469848798,-0.38904820752650693
-0.026538646245661372,-0.33131920074760135,0.28959860106993324,-1.744742948687528,-0.36948281963709806,-1.0408172025285425,-0.0644708764827151
-0.1958779707471492,0.3870310499483117,0.66721520029339,0.420291474075964,0.3808248379554119,0.014232891146466335,0.09981561605294803
0.7102853893038973,0.8567926893124462,1.0585716494410284,0.5973264128742848,1.0126254080295494,0.8978278229372681,1.4834226186563675
0.45846796293839537,2.9055875855314017,2.9473417718556143,1.3904108456173454,1.459596437254802,0.25209461586440485,1.5157057996538463
0.711225374026174,0.3569630966175053,0.7930116755709201,0.16735734330807528,-0.10314267846494252,-0.09554395920261934,0.5338283316154393
0.6202394019791254,-0.1775947214975322,-0.12325354220415308,-0.6594136201319496,-0.35612173395630775,0.4119138711375967,-0.15559177857435247
0.5131662562929015,0.5118105677201383,0.830250984988383,0.19183123246304878,-0.9188628678694744,-2.5277933137266424,-1.0023593861452873
0.5316074596202548,0.9643014329810201,0.7218317545337308,-0.3858819105285116,0.2712912902480404,-0.5027029540895832,0.02423558680653045
-0.004392961637182891,0.2613647954020643,0.1495164110258112,-0.7802740458954063,-1.4214995905183445,-0.33599512808851156,0.2868347891106806
-0.4783339377337938,-0.09447405293105393,-0.7054077805509589,0.3173586156769875,0.4133610634521158,-0.49445175189783885,-1.4827190726322264
-0.3740527613302262,-0.041667440808957235,-0.2525031776397594,0.9809409861772824,-0.8979911718914263,0.1637707125049953,-0.5915743737611172
0.5772740787460078,1.046525916355475,0.6473197254372207,0.2944087104251552,0.005347701041969133,-0.06099932004491825,-0.7740738382110692
0.01386424519325748,0.04346336220243245,-0.06654376512808115,0.5911338948830609,-0.3466373253624202,-0.0012838131765870596,-0.21480254970658905
-0.042606653693033715,0.13019193603589096,0.14957357352098166,0.0977024355025605,-0.12114638372297351,-0.16109952185327897,-0.7035191231970225
-0.3678281965670717,-0.30327533426961595,-1.310553701513173,-0.36045069411131025,-1.1492831404952462,-0.19209112758459468,-0.885733923073272
0.42803724173624363,0.7012055767027534,1.3206906016779838,-0.4263293835423157,-0.5624451100497443,-1.0261869501723435,0.16244579512552682
-0.3911207838132047,-0.6019491586034076,-0.3109585677432093,-0.6805266813636308,-1.1470630697255748,0.21939634948275188,-0.1634939746405213
-0.0446100280289151,-0.6458327179930795,-1.1801901994191248,-0.1836523269012987,0.24785352128233812,0.34572061910574514,0.48336570630481773
0.15187604471711055,-0.02563538817479946,0.6080561371593797,0.04919165199961921,0.1811143067018759,-0.07252150570949621,0.07415678363788841
-0.03631175167128988,0.10947804964813444,0.3787458546448782,0.5422031931800766,0.9303887721491504,2.15895906716639,1.1337431820505346
0.28257185969095366,0.12152387816875677,0.45668179856486396,0.1539053481365834,0.6269676578396044,-0.44429142777136504,-0.31037568697008133
0.1421845271848694,0.23063664018439572,-0.3437051796034306,-0.17920805469018125,0.12365637461577253,-0.33729938829827494,-0.4538758917230945
-0.0831231668774168,0.79253711682214,0.8775330790651632,0.5898650024893228,0.23694694486991463,-0.6270871832714955,-0.6269731635045726
0.6887139814780486,0.7583558531415645,0.44775530650436624,0.7766342998694127,-1.3704669285335052,0.6835596025564974,0.5012674528611436
1.1588318840233793,1.7717511402037442,1.5913099930009842,1.3438386066364905,0.6779507453809017,-0.036494301359739426,0.981956432801604
-0.02915260970759477,0.28642257060754006,0.15896122356414688,0.705271893641565,0.8029584233760471,0.36905811825849644,-0.339627273493354
-0.4306140905414949,-0.6383600065490576,-0.4744143409003323,0.5740396527574378,0.8013979175366288,0.910807143298931,0.44508536149031946
0.8041745888919184,0.5985008740241479,0.09530140405593707,1.3087931374603232,0.9137077306092221,-0.07783871377546549,0.3848914847894663
0.3609287079262747,0.22782875066453845,1.6332908774592918,0.3790517963276657,-0.38984496524019274,0.5697400077562077,0.9318441494283513
0.8717371213587879,0.6887156517745652,0.5832054950304696,-0.40517730240452376,-0.2968623423925988,-1.4197866583678571,-0.6157020675368806
0.32614473065225885,0.5901136027159779,0.8130708388526342,1.0609488146358372,0.5925851254524548,0.3369855170009878,1.4302596678846062
-0.08935620639937393,-0.13199525938572065,0.09856015796364385,-0.015944664296278666,-0.42515246775291654,1.0574574803904824,1.134080835521229
-0.8816318582726828,-0.7870747930845052,-0.5758140698838308,-0.33755539724237715,-0.7095276523468641,0.6764204824779269,-0.036743810447465046
0.32696031344975374,0.15160336914971098,0.1940318345241134,0.08963533279070518,0.3395497303102154,0.7720487185743781,-0.21146308447899675
-0.08202268236003256,-0.48313823724254734,1.4533980614148831,-0.3144367491406761,0.6927484807915497,0.5215800036947895,1.325581814596246
0.22670517661110454,0.4457860093957845,0.4225799186360356,1.1669645310321783,-0.34519973552698524,-0.32178784484773804,0.27895127036045164
2.4862385365162196,1.947203484463964,2.089326520015928,-0.31750345742691466,0.8653232117997129,-0.1962291669958902,1.3097273856164924
0.25827626089972966,0.25309935673672435,0.3883294051150097,0.35911312611346674,1.23208961450795,0.32864515489247215,0.8996894883685732
-1.5458486993170708,-1.7681330070331627,-1.3811237646831451,-0.9900676053812602,-0.9698280496956233,-0.11375782692690124,-0.6230256143791847
-0.07915038810943337,-0.13359328315416774,-0.4218990307762626,-0.17528632794787077,-0.3652337800740107,0.0037792848703387745,1.5104744048981467
0.14667473573698533,-0.5518503060286328,-0.15360133239531343,-0.9956758212363837,-1.772008466099238,-0.10679188198303118,0.16969566023089133
-0.19531551737575448,0.04023020899491292,0.04201455430603671,-0.8402493035881683,-0.21182395962526657,-0.6819206064660501,-0.8416671714430703
-0.7559172997090166,-0.8774005601141852,-2.1463166230934227,-0.6433146509689586,-0.18275810562239475,0.005931285617896575,-0.3587063665017196
-0.5181894256800685,-0.8303713729993595,-0.968638345830301,-0.10081548049992473,-0.4168415979889669,0.5069667362204984,-0.1571089650423126
-0.02719152953013857,-0.08357739195264825,0.061017597211434876,-0.5651379442246268,-0.35766235656771517,-0.29403559093544124,-0.20438834156565044
0.6690266973437297,0.5605756921004332,-0.005251550253459025,1.023872207706511,1.819333423412716,-0.12426577294582608,1.4192336018371883
-0.4037967851720887,-0.45413888986165013,-0.6318227362067399,-0.7783329926885638,-0.7980762573900039,0.047123724204301234,-0.5959459170420788
0.057631550783119156,0.2090623449236299,0.3281950644151037,0.18537447124524759,0.0031430450986573433,0.0711147801276435,0.2859746330816054
-0.16368340185738656,-1.0322287412190292,-1.7154574004197336,-0.1316233050213026,-0.1806581447127599,0.2647449405504598,-0.3806612374247128
1.0893807261078554,0.9802152346856192,0.9158614599447594,0.6391840715691953,1.1099127402664046,0.03209895641042005,0.6314045656174323
0.5231591245928491,-0.3525161848573214,-0.49358968827952454,-0.40821210731356955,0.013882365702607952,-0.4893150198342915,-0.44863692380618914
0.04898532501607881,0.1257226337610274,0.1479147838274965,0.07067988153501005,1.267552494281087,0.1026175133899378,0.6953592621446905
1.351137129276706,1.1508570796935886,1.1391691563802928,0.35170939419266173,0.32751382360196857,-1.008326404537307,0.46169349618246064
-0.0345093319653208,0.155162367381327,0.2795049989953042,-0.8479655814004394,-0.6170355608829992,-0.7119619659816727,-0.710125671387045
-0.02902552094485561,0.11515115419896092,0.16508141859395586,-0.16673681860874295,0.42075438291016976,-0.03050396184812324,0.13292232057862563
0.10142170033434067,-0.1601776828120926,0.052392939020810325,0.14160429171751288,0.5269965958060924,0.37374546055074803,-0.8086875634437543
0.17387522489033716,-0.36857959127801776,-0.39348603232145213,-0.41295990781953534,-0.24645988702717148,0.3276173769468199,0.3167644421374122
0.43537568717677966,0.16901120558419278,0.41890347095277514,0.2965547121025224,-1.0576755826153486,0.0762021565977312,-0.592878878710295
0.23233317247521174,-0.03176875879929361,0.1328965608188627,-0.7794968318392136,-0.09559893866447006,-0.12246988955661793,0.9613545585576562
0.469413250632684,-0.4375430054007964,0.041176521309584435,-1.3034514017008154,-1.5554188862686806,0.7427807668808657,-0.5876889205464689
0.23244672744397255,0.37523929662110345,-1.0928963888349903,0.6795605178169757,0.8122667924218208,-0.12482738288493421,-0.4882698227035251
-0.26240250306265095,-0.24170249762493445,0.4886048549837095,-0.5939229020667265,0.31638594175945406,-0.08849503680917958,1.4890300963047556
-0.04083770702663418,0.1251615090243799,0.1739004176828422,0.7387278715892106,0.23866805801885455,1.754557043722766,1.547770658562493
-0.4347128120903266,-0.5779847317305964,-0.4552852118730065,1.0632241888944394,0.1266850524950176,0.12401524486775675,-0.16246686078500958
-0.14408277435225927,-0.05468753043912268,0.16836234017289398,0.12065554368101147,-0.7115188843114117,0.03329208841510008,0.033331573697685524
-0.4060509724120514,0.8661248019588739,0.977643917932921,0.7778533769873622,0.3027388403438431,0.03085214032441277,1.5954016161651978
0.015640413806314528,0.13636135158871715,0.03182237618589166,0.32371846631487755,0.4421396720237034,0.3559690533827153,0.11097018906617784
0.1015164375484683,1.597964735721332,1.0364327084591018,2.0583924282918855,2.075349359540536,-0.19950185113834987,0.891045148502427
0.4259526488428428,0.5380500485687015,0.7454270230092485,-0.23683122585152394,-0.11796147913775235,0.3188922822152402,0.3426885340108058
1.14302973824576,1.305030774407854,0.6432679883055112,0.43431092782707276,0.13908727080926508,-0.2075633191357013,0.26907641292284146
-0.846929602778814,-0.5896352751344792,-1.078359563124168,-1.0355910278242355,-1.2405532527327998,-0.41891222045023097,-2.1145990251132605
0.032532998792399244,-0.1887153737605594,-0.1889248489249119,-0.04282393350478628,-0.4459816541617441,-0.2134574936195612,-0.6614234329638535
0.08385489953331826,0.4236439777671056,1.4934920520809274,0.27058116588243664,0.2506932751733969,0.357194671889274,0.27081245821215805
0.004184907670354315,-0.1433477624488376,-0.5981297249754778,0.05551676853122195,0.6312031102021406,-0.49214898050534867,-0.16154153939143523
0.17142068718323109,0.9895693758224227,0.9091535865586756,0.138526986749974,-0.2032090725263967,0.20768990710835925,1.0474702703444363
0.5870388717996692,0.8309080080002658,0.795136933363537,0.4164929274802578,0.5897877882910225,-0.09265534069379816,0.9425618656501276
-0.84536562217294,-0.9218456378257535,-1.62123296554791,-2.08979432654939,-1.1937383692562664,0.22394276993787468,-0.42992935717647585
0.8712944147833398,0.13767264724921802,1.0391803005637577,0.5938239572815578,0.443725677064455,-0.16717844323361603,0.15207762198003205
0.12421934379188575,0.19561849303850062,0.06878427274425805,0.6048141686262957,0.7273133705181279,0.572481304094559,-0.7254240796929795
-0.0016909683696503686,-0.006166894436627039,0.18089335717652358,0.5525642418881559,-0.3858446271104119,0.5067038055763086,-0.39041635319875645
-0.24568182462543153,0.1314925896301832,-0.7554297703607539,0.3543811281824615,0.03394332313440433,0.42447939408923774,0.023949980745070158
-0.03852384762103781,0.5081593988657684,0.3225002659151535,-0.29629134662198076,-0.339801848162268,-0.6962513326236431,-1.2645051780369054
-0.2307187733492286,0.19721248711816403,0.26113552019806796,-0.36127896173836666,-0.6832268283543452,0.5134169944017152,0.1337412610751724
-0.3210414293121802,-0.4837172912083655,-0.4255786815278343,-0.45441198589221354,-0.20915597325499827,0.1047990036697592,-0.060432493720615904
-0.13141488092830647,1.5080665314627915,1.3242946880316848,1.5984388609631106,0.6107424231156694,0.04149176866113666,0.7095786962792672
-0.43778437372943674,-0.2729501934395193,0.07847788707372291,0.08947901062780639,-0.3412510365663288,0.35945666386580294,0.4762135017175683
0.07669046656440853,0.6208836323264046,0.7850572376504334,-0.1485154966649752,0.1283629705602231,-0.11911377226959238,0.4799697689237934
2.855534079607122,2.3965982252483453,2.1687723790957385,1.8622880134716282,2.2345597510402664,0.029649264963440287,2.0332519500016786
-0.2163204992971138,-0.1248275024230516,-0.0844655353223471,-0.5706322429064123,-0.24026669173048196,0.9161686031595647,-0.38614335741277894
-0.20771266317393391,-0.6409695466795464,-1.767997656165275,-0.5903742271673162,-1.4447243285461462,-0.11864961723543375,-2.9836941984426297
-0.790244778006403,0.07777696209333007,0.2404915545835153,0.4395394920637674,-0.4521718027457917,0.5769398392951144,1.0133195343578314
0.5397780484153173,-0.06805764123481939,-2.159429994531152,0.49687008824829143,2.5895048213027656,0.06283880366788618,0.2649351454104321
0.4420404511815495,0.7036240358648596,0.973481895587608,0.3263037995240364,-0.5317042973770859,0.2070864962243596,0.5749812231960981
0.06025855858697489,-0.0859266695796685,-0.08894124900828704,0.03429139537369954,-0.6751265078715277,-0.0007752340087171393,-0.23451528731734098
0.20044968926121431,-0.025488358438426978,-0.23243105333611394,0.4177593470045038,0.38366047686080934,-0.7399668758802377,0.38055371029501184
-0.005736759766616898,-0.10892340344996562,0.1176523507087433,-1.7884364473231997,0.4082818015713734,-0.8485181933543179,-0.18075365885114958
-0.08266110766809691,-0.1568180356127581,-0.3668336075781845,0.30974350986753674,0.3360135993340103,0.3201920919870174,-0.3271849371706807
0.24802640757452385,1.42486286625245,-0.017086931779524805,1.3320184966337605,1.0711480444860377,0.11764720110942341,0.4278280204811895
0.10173269249223696,0.001099181587759998,-1.1074509525317453,0.31894642773203785,0.3100911193213283,0.6024395230557652,-0.28912134145930773
-0.882602043704753,-1.3264592312742844,-1.0929248999923689,-0.3996948456326306,-0.21657986726201128,-0.5403835824898998,-0.541573340110275
0.6358452791352096,0.8181192254560861,0.8340124505877963,0.7287072844175941,0.96374267942995,-0.3934192208027012,0.1956839621789241
-0.26348210947065737,-0.12147506963836033,0.3455110658656964,-0.5398360804519525,-0.3005147300233873,0.16013003317707858,0.02238946727724425
0.0011243360048132248,0.48355307425424676,-0.3487763197180957,0.36756894850609995,-0.02043599147968031,0.11015270637227531,-0.06848718278431497
0.8988872639907879,0.8550478379553668,1.5091383285602147,0.7928723683612113,1.2190328344736157,0.0988044993065292,0.9447627211917199
0.023560092888875075,-0.5879773533937289,-0.18159071296865248,-0.2510879381459149,0.06263751255735414,-0.22375872247593465,-0.020853370049003145
0.18404664355527756,-0.3951374843523687,-0.6561961198587483,0.08110882674502029,0.6331711367272218,-0.38654554415726294,0.6231095668523862
-0.1122557333435361,-0.041998826988996985,-0.23337142058586374,-0.058506441385653585,0.10518064345888711,0.182707809882865,0.07388216668823845
0.24382549017112676,0.23775098860732927,0.055767868992448844,0.8426352345486768,0.5625738301455863,0.03412250988335084,-0.8327587760391022
-0.6374339327901751,-0.6033499162091966,-0.4846818701239912,-0.9687970966229209,-0.27779921156678666,0.10674559214664814,-0.5990359801209577
-0.1846941167824249,-0.18725311733571678,-0.680161743907326,-0.23395249969045648,0.008796723780707255,-0.25940826738975864,-0.4326185447834692
-1.4587527337031867,-1.1018825845883546,-1.37784264733606,-0.23026324559235112,-0.5816957192199387,0.6314490192361458,0.18267595183831997
-0.12931103304453964,1.850869185935219,2.1559331578554786,1.4054212966687367,0.3393322299298376,0.15267654909964662,0.9800212829923058
-0.628967491090832,-0.7305662413751797,-0.36832948308042257,0.051983312310394825,0.8718975357801957,-0.008278435101352594,0.08690997496458214
-0.5483639114185049,-0.689932712494634,-0.787932734650002,-1.2817760613793245,0.3961898590359746,-0.03385814687548943,-0.7915043815379776
0.5645302804650127,0.859758424910136,1.8265169661547023,0.5896836348182037,0.13966653277121477,0.09791484478181148,0.6846397189522323
-0.014541827830637259,-0.3684332829020617,-0.14886640506421797,-1.1916834095804196,-0.4676157494532022,-1.918643396974205,-1.4232172489227681
0.21561121646022516,-0.06571814092219733,-0.1679588558975783,-0.3759056735251795,-0.40350498789693623,-0.8527047593599465,0.2812451709885847
0.6333352482751444,0.11689495868165539,0.0688909745643222,0.1593138020659277,-0.08115012074182976,0.2601913971394564,0.14901655903286526
-0.225962336930071,0.6848180173484695,0.5640900877094157,0.5814251226166808,0.3701028788258104,0.9285341493055804,0.8291342588615866
0.5420574448300296,0.9170289486202556,0.6837058151346227,0.9742942659988122,0.3275511468617771,1.2037849403825849,3.237646373829019
0.03777539055615555,-0.39420525001311085,-0.5325939397625372,-0.0019834602184411465,-0.06460148402867219,0.1433021590065159,0.13068640787444075
0.3510689929909357,0.3861448500200104,0.7463840363371007,1.0292788434625502,0.09502556727127376,2.1977057021316395,0.9540783092663424
-0.2301800277477711,-0.10653078261756391,-0.03633371720528771,0.36828199109184134,0.7130581580762665,0.7449559704613443,0.6422012133643622
0.4159004520609018,0.1886268883743701,0.562318402262794,0.5868491873674957,0.4817071285701363,0.9650941594703045,1.049098226640288
-0.16631580386368067,-0.31599502546331615,0.38312488693268976,-0.907359484156883,-0.8013347696463189,-0.2500191389256355,-0.10604731253817706
0.5389405590097315,0.24708193566150388,0.4724639122601226,0.2787860284772478,-0.22486759684912316,-0.4083132266262918,0.295549475517228
-0.11881717240914748,-0.6707740601993125,-1.2368026781067556,-0.3284737630884209,-0.035257230757780894,1.294087197906162,0.18464528736266744
-0.5791258595138672,-0.45559408402244905,-0.3348586110712156,-0.7922463047995366,-0.6259480491037366,0.5633017914323052,0.6105423512395675
-0.3637094206240467,0.22196616001527375,0.1582182653378624,0.7411915840047278,1.2721847009135132,0.8055416776501763,1.04185209992015
-0.43527615118007235,-0.7691060093621367,-0.2828940240526949,0.19312648989310188,0.3156802237082812,0.06419041793710059,-0.504101564143697
-0.32491529480439424,-0.3795989155142203,0.1703235396240676,-0.7947120813874062,-0.45856408164459894,-0.0001644659340916104,0.21383472329745398
-0.08390509684258093,0.011632021811580226,-0.4286055161346475,0.21689831392053802,-0.2656793476390094,-0.02023837243460802,0.516464936549959
-0.010489724264567924,-0.05095511135044221,1.7334393440233786,-0.9319138655654404,-0.5259141621466891,-0.5072706591739217,0.10971030499409169
-0.1337730910959759,-0.5375090512556133,-0.7731596272046506,0.19775892231964698,-0.08259268560645808,0.20529239289860032,-0.3886392425475539
0.23851154297471389,-0.5505046245056576,-0.8628336837719037,-0.25613245396368595,0.40927623438139404,-0.4167533525060198,0.13435473110741225
0.013550019975839895,0.20893244232085686,-0.18066008285915391,-1.1462529167432114,-2.0155611639448505,0.20629449960030516,-1.0446357263169674
-1.7433461299273318,-1.9881405379395336,-1.886495942442504,-1.1121540963601166,-1.5915207570611278,-0.05457693933822187,-3.1812563974617607
-0.06996255170437243,0.02077450112134134,-0.027030763908366732,-0.040892275901465824,0.21468195251760605,0.06725885432353626,-0.10345144148837966
0.2625225345395125,0.157028745545432,0.3545988705498061,0.10300756015693055,0.029530575724935088,-0.1992539896945779,0.4058008561821541
0.046492160123879245,0.6165545636892169,1.0601787475386297,1.2039819584189253,0.49111312049660727,0.07450633346056355,1.4864405552218747
0.9818979270729774,0.8094283980359849,0.8276085221928933,0.7945735038425997,0.9727955571563939,0.7900956917423109,1.4699825031771085
-0.19719082281470598,0.8481587528113289,0.6786843988325995,0.49456850342398223,0.2664285384865447,-0.03568777601268184,0.4445222956565721
-0.38317714243297274,-0.6745585660521525,-0.48305083906665136,-0.4167258479079199,-0.46871969367755933,-0.10807754303071541,-0.03413951661847203
-1.1449711021247275,-1.3264434723979623,-1.8956089099400248,-2.0104836246835993,-1.3525477500421499,-0.13938684801965517,-1.155978918846586
0.32859224651732466,0.27415613226826047,1.8533869335748836,0.4885984945683357,-0.4627953979774918,-0.6120891435391235,-0.03358059056006529
-0.25629443049660594,-0.12614656446517497,0.7015245126485741,-1.639279931681625,-0.6758377627929528,-0.225885756450259,-0.47206428467290606
-0.5237657284430306,-0.4122371897524431,0.013532176152679987,0.3069443405992992,-0.4733772225385766,-0.4940644010980335,-0.2267039649692093
-0.34104122496697137,0.8447004646324712,0.30488877406403997,0.5114599979600614,1.2534944912087025,-0.500491234393932,0.2509027777921783
-0.32969085058872033,0.2590782611007519,0.3711370114488107,0.747917453968487,0.09959848051547365,1.1767860588249328,1.4318347623845817
-0.5143386029348841,-0.7221683697078836,-0.8069185132302958,-0.637579753061394,0.4445867440833212,0.201986088649351,-0.23476893757379388
-0.7377168715439861,-0.18148236468847107,-0.9676719936949447,0.3300460233317686,0.5340608965878371,1.2503260857224434,0.4792952559917075
0.46203787735701635,0.8378798685817426,0.9662773319010194,0.1406348107153621,0.503509952564792,-0.03687265843569155,0.4483653102401293
-0.027121953514706077,0.09084831347970007,0.40334675181369184,0.5687821774190301,0.7065905990266352,0.8351227040346212,0.8933822993355962
0.06918468391267321,-0.1454480595822357,-0.3791102605409926,0.4102448745095475,0.577976430373643,0.1261136452820437,-1.005283173561896
0.0882760890247335,-0.1707344189018033,-0.19684952319475824,-0.5712920309478194,-1.5087597013940743,0.7921610983706031,0.8409268367475982
-0.005119445276297157,0.3988117794315921,0.3468360102000192,-0.5251175350018743,-0.13633824898610158,-0.013865514991777579,0.1416954143479281
-0.10603334641303444,0.31757849751547257,0.21194729324379352,-0.813473114094918,-0.3743221381885293,-0.9686915959475483,0.9230125815824416
-0.32215159590538345,-1.313084402867015,-1.752926080429277,-0.6958582347695978,-0.5308610389117043,-0.3852153514563415,-0.19716911884991128
0.27338972488883395,-0.14549385165234835,-0.8137085184668892,-0.4237048436094769,-0.436512220822658,-0.4145641680283648,-1.2499556204722966
1.000940185761879,0.9083070739049994,0.8283018537743868,0.9403737274159287,1.0379730516060943,-0.5553307325017449,0.4101776432105291
1.1297072350753912,1.112237212614131,0.8397773381446666,0.47857065682897104,1.190382620538799,0.038142893719429735,0.6565978469752575
-0.3919547546119269,-0.31900192337316996,0.05945226448211666,0.13784110241019099,-0.8286258468670545,1.091757207460856,2.068710609599553
-0.6138393631199083,-1.134514344292159,-1.5354363319343995,-0.8404353954035497,-0.7943846304055884,0.13579328438822078,-1.319886892604604
0.022555041112493582,0.3018347035629189,-0.32350658524552184,0.2650989776036683,0.29101952271096426,0.09060859915676625,-0.06315684126582181
-0.35430066174653724,-0.028082888068325318,-0.062431470449031405,-0.05830067110057985,0.1470489847389833,0.20794216033001706,0.47011795016455993
0.25968150062178724,0.20317882308689392,0.1536252829759061,-0.14581929040256508,0.07708772721882867,-0.3707909236846042,0.7659691844346089
1.3707115380534238,1.2228771270005858,1.000200772722347,0.15305473947978154,1.0768644901371704,0.5911057973753054,0.04967701435650951
-0.5702499376782885,-0.14039009351493847,-0.17691423413322752,-0.45197154559256336,-0.188171558965308,-0.7046784516554915,-1.892604985243143
-0.20731212686576142,-0.3887617449999261,-0.4862340991092572,-0.14856403490627376,-0.6892011018314881,0.1625172129936416,0.7092125385098845
-0.2273367114928726,-0.6086794360087309,-0.8269282131155449,-0.5325566520350798,-0.5232338131434059,-0.29663405323176373,-0.7242625238668342
-0.11655679552975987,-0.10793366158097444,-0.3356797340429707,-0.13354511589817503,-0.1786395591419979,-0.019003667883555057,-0.5992128962655094
2.192307669086338,1.7072231369681263,1.1051044571318127,1.0247216523189,0.8553762227340582,0.5657876288636658,1.1737566426475894
0.4070095503215294,-0.1106280279954922,-0.4059658810284721,0.4294288967042065,0.5232160527346894,0.08707134323030075,-0.6241615640849197
-0.19273699542108494,-0.21219982842597543,-0.041520508597927525,-1.2368535591779162,-0.6739916203508327,0.03898388115187517,-1.2455284809288663
0.616626163078842,0.9776798171070278,0.9834432981026139,-0.4029993989847353,-0.6190671386786434,-0.9061462590200641,-0.14736143093981613
-0.26013123764570406,-0.0030818635554267226,-0.09351499257866927,-0.05407343350870927,-0.15889807351742433,-0.242893007827095,-0.47743122549739153
-0.1417197608798017,-0.19048566209929496,0.5800729068630107,0.18876327310973692,0.10865395402965547,0.0791244763298536,0.05988098301822964
0.11927115038036205,-0.16912948716428494,-0.28043253401576224,1.8019537714744251,1.0649677545738256,0.34198130611549676,0.5036960592351312
0.2123816013304597,0.12075931403265244,0.06201634353664113,0.20394207369320855,-1.1678378103367484,-0.12344732379722136,0.16667113385612065
0.2700126410045221,0.3295217771973874,1.5309172890281744,-0.24714725992016084,-0.10460598110866182,-1.0665303846575376,0.26482125603630313
-0.5297992208398642,-0.2013205954435653,-0.5596860796829173,0.19098300674911906,0.30063568713522104,-0.19439418078906387,-0.7893130253250358
0.029290955178168012,-0.1939055765776209,0.15954419066055406,-0.42452168807841995,-0.2833381576412021,0.07341036595552,-1.3982365105289434
-0.3282698138546023,-0.5810453859656315,-1.11420222136918,-0.37455111580490524,1.3635824987224794,-0.11776858839357268,0.2536209344198888
-0.789747695562932,-1.2146013037607495,-0.028268164199018342,0.26851357158944744,-1.2679472248650967,0.27999999898537536,-1.6944284539858294
-0.22688595973279,-0.17673549355436824,0.7756836200606956,-0.3773705862055564,-0.16603274324813339,-0.9861540312552077,-0.2284636639693985
0.3221319855711427,0.339988680881967,0.21052738411313132,0.05678944683001402,-0.03427356130436715,0.6939561596468808,0.5655952226945414
-0.084920070030202,-0.14689955524050796,-0.45769634933733633,-1.7307875550379959,-0.9482462264406002,-0.9700083593782673,-2.4009611318119313
0.3987916266815869,0.2714674760626436,-0.20294418359041877,0.5169167737767075,0.22146145745226742,0.038692670830183656,0.7465034220202986
-0.17875504581237275,-0.11444516361569262,-0.6254077557243244,0.02851672832746817,-0.3646640033696448,-0.09395182299736009,-0.7668804272101735
0.23138110906779044,-0.20601232645623288,-1.105898917581769,0.218131166998036,-0.2803323878035124,0.9558519161433208,0.17233607536969225
-0.6981602641150899,-1.045429358847546,-0.07238202348337108,-0.8720968737909731,-0.7043754361968116,0.03936750142741511,-0.26574687012394776
-0.5676702877663024,-0.21108400302157787,-0.16500546398797375,-1.5548256390893913,-1.1078377237083337,0.24556738014644722,0.8010840396630576
-0.6779101673052458,-1.3309841208417184,-1.1920134665897641,-1.3087638441762746,-1.12262765640879,-0.48932176953226164,-1.3733939725327102
0.17253538525048434,-0.6622672705487722,-1.039197350539213,-1.3141058353166564,-1.0477376500829294,-0.5421988332450166,-0.4744300181329595
-0.3177421098179611,-0.4285483715883896,0.7474611735602501,-0.11489724078547275,0.1580733644764955,-0.6620666749489146,-0.24150180395897958
0.05630261359635277,0.04263322958930906,-0.4875063387550092,0.08591729098302878,-0.014052631062395834,0.5865476181203122,0.44970849452805417
-0.047511045713773674,0.7668614149435147,0.52065988040672,0.554543327498956,0.38603041680347633,-1.017779295524553,0.5015652993571638
-1.5536461544843254,-1.3425510884072875,-1.067446678809624,-0.20252431254041853,-0.7570942385226407,1.2296091815488843,1.0928657191764353
0.08699959978072147,0.16777946541318106,-0.31673172345949935,0.036943369560554655,-0.45355592084235713,-0.07401208641687215,0.19042240383016307
1.1495239959818615,1.515192943232776,2.462457601294912,1.5305502976244476,0.6205637553061224,0.3083927831729901,1.7452835312085022
-0.1002916822701862,0.17821692220519889,0.3478205006777946,-0.07361640609595743,0.09933565016345568,0.784386532975976,0.640795932151985
-1.2392889557943707,-1.7579709073275664,-2.5738572001974136,-0.808687793857875,-0.8823790468149894,1.0312845375249557,-1.035183437692154
0.3933390005497345,2.122619342175621,2.1118215543710175,1.374636980965166,-0.10164395942173787,0.7455363308455566,1.5361469902013776
-0.27337061704968924,-0.5186521217139174,-0.7460185589742032,-0.40373267301143345,-0.1747958815417747,-0.007938118952590001,0.04414153049957126
-0.08049346206281358,-0.08123926419394671,-0.18885116027489884,-0.7077806251594928,-0.2709691308465285,-0.636222223436958,-0.1605016551462486
-0.9109327509665173,-1.5332024930493553,-1.993039330650745,-0.9791206203910813,-2.509787520218815,-0.12339209218199836,-2.5779628018614194
-0.013675829756079172,0.8134052516460597,0.5667299158359003,1.0817189209705258,0.13917401498155824,0.9949651935722853,0.8549852338070406
0.26088910144106636,0.30102523470778847,0.5266798365932261,0.08859725532034897,-0.189973228949676,-0.012804697735290924,0.2165528863427261
-0.04060368236271609,-0.3421643389447532,0.27361674016185605,0.21770067687544525,-0.48501847074826787,0.1946816544787918,1.3251994302596213
0.25568368891702714,-0.4553649531925399,-0.697623582527392,-0.4398316776386904,-0.23491908031823916,0.11258067341597938,0.5142017979587069
-0.4892419099894198,-0.3336209741479413,-0.7041695958526637,-0.8161402674020852,-0.32308078067849394,-0.23367915968215536,-0.45559147312747755
1.1451917963103262,0.8532123397396655,0.7032255352533897,-1.111070489416527,0.24497596407040628,0.1575742061029113,0.02496948911943392
0.2889993575663218,0.011140654679443307,-0.6419573056728956,-0.30471770161955514,-0.1772599023579259,0.4407780425972146,-0.15823260385237714
0.05619106722303717,0.10819356656421873,0.17628649173218852,-0.17503571836879264,0.5058071216500022,-0.01991815981270483,0.37357012079585405
-0.16362533379651956,-0.15775529093085672,-1.0728442942114649,-0.5169722114084545,-0.4647347069979937,-0.18537416167425483,-0.7035209520840234
-0.4773088761361155,-0.6464609743338907,-0.21642171354858802,-0.07637913349257314,-0.11691710254979339,1.4179381648116607,1.4275711339059174
0.12615896701460708,0.007576445944098745,-0.34857944852034284,0.5694500590182818,-0.047289547699443046,-0.8564141248017889,-1.7712429010817514
-0.05280294193364448,-0.1757998315512676,0.39527656260439564,-0.24370251401291296,-0.43127546199462813,-0.7242037200676817,-0.965499973762814
0.08994888935094014,-0.09038133497385875,-0.10855949116118063,0.5729167293759136,0.2752279927448416,0.3849318967681239,0.1232648959213464
-0.1609616098915663,0.3691770145144332,-0.19461268481857225,-0.39808934598497886,-0.0012024777975036538,-0.02080249495503309,0.2885933229033041
0.13898954712234482,-0.963606960149886,-1.0706546789173357,-0.37999838872345965,0.4851711208630378,0.19882421126675948,-0.06931152682047334
-1.1145225432084405,-1.0799224042486693,-0.9640145135005963,-0.7866649958188519,-0.8817684708926955,-0.16575937062977808,-0.08226266840499685
0.04973043735252802,0.24014057754014817,0.24383534363034884,-0.1422540197159496,-1.00048410883422,-0.14029295994384577,-0.2646310654127555
-0.620633911434829,-0.34049828515603475,-0.038594191423227286,-0.3241798199930347,-0.08884936649039182,0.5709890158978244,0.20564409317126586
0.11203181033583413,0.21080078534229796,0.49107321479249266,-0.021740895922364833,0.3087600294112502,-0.36579116186039184,0.36804108478456593
-0.18080503065581474,0.3449124440687781,0.482258305759114,0.4597667693288858,0.14131594467452124,0.031210622217748108,0.33041087597790675
-0.17762349566632082,-0.19819558488346667,-0.809748130643662,0.018259697943393514,0.16251738910246666,0.37892020911586144,0.31626795476835756
-0.8464152648548392,-0.8401700012442808,0.03946009370226977,-0.9960245638080886,-0.2845027478784711,-0.14806428887550022,-1.1712803082603827
-0.1328909330809175,0.29639722508566957,0.0026614151595640845,0.40136806713920914,-0.20918191330478986,0.2933959176814268,0.1309476114242523
0.18463464216462772,0.18214755656308923,0.6280093015886755,0.5615466825959459,0.3814159446746209,0.16921964868474154,0.9667287907234396
1.1551421397367712,1.3581710816822357,1.440226806871622,0.8726679299672662,0.5977793059382227,-0.016101881502228004,0.6060077082125308
-1.0689760840806335,-1.735941842204473,-1.4284362677725344,-0.5186672610518187,-1.2191742881538334,0.3986981335514651,-0.9580924333619403
0.3192515793708428,0.25254711257870216,0.25757572428553627,1.4739536391251824,1.1240491598150832,0.3495587856842884,0.9099205666024383
0.3968215793211534,0.3241844629551277,0.16789011620933234,-0.8622443023129287,-1.0333359576326964,-2.122351340596044,-1.4149186210496334
-0.053134959312324176,0.1301570576335635,-0.49084635460786186,-1.0348070702464942,-0.9514666625004574,-0.7365908095637107,-0.6804770720897992
0.8377519405789097,-0.129802232659044,-0.27241723601625056,-0.9092090487045389,0.07090732273095207,0.03322852221311721,-0.3652881067298488
-0.019928021518888568,0.2782957906495073,0.42158005375365226,0.3243802220816053,0.13595176417048194,0.6966505527691422,3.1873563119422617
-0.36620105617742416,-0.4561781113022587,-0.7776271584108058,-0.2971547989045229,-0.11959660946149675,-0.20502091587120613,-0.26261712375402524
0.13336019326687526,0.33807563833864196,0.6287426901992568,0.972626633453434,0.8708907677383306,1.8350285466209366,1.8698589554349683
0.27001413791074386,0.07793482422700296,0.39111172752993195,-0.10601072273611449,0.14219314086691232,0.0017779749153360883,1.5956103184636168
0.5832067152644969,0.558853412061451,0.9386775376949743,1.6440055265573046,0.6245769299580956,-0.5221728668563065,-0.046137930255137516
-0.03382460462664957,-1.3472397448031763,-1.1503601902281364,-0.5282581882628101,0.21615281289317662,0.5066294854149271,-0.18740927812639604
-0.2003019994618178,0.28969329634435015,-0.9546957306761285,0.5729974077965869,0.42975049867638493,0.6988504705221245,-1.346274954325538
0.09581757641684883,0.2243820085142759,0.1664686700015,0.06179473327982224,0.08333753533885051,-0.37303484942548976,-0.15806598197340083
0.19676078450004067,0.00922634732049285,0.22384294711905148,-0.7649512579457506,-0.21935097061975042,-0.17357589736461154,-0.3246007694583468
1.2391745629772146,1.4970701457387385,1.370732342489456,1.272272033603378,2.3862618662783386,1.130928192733484,1.7907360329563062
0.15944438849679357,-0.42284881142262404,-0.4847304820251451,-0.2869455272874863,1.0213823149751386,-0.5512863096352878,0.38346683707694673
-0.6131453072773203,-0.544956244349447,0.8408740177049372,-0.7527187064540092,-0.45107708827812243,0.060494558873071536,0.1744383801138172
-0.27107444547707205,-0.2525551486809174,-0.07520164194223011,-0.35474277746508603,0.24542228054861215,-0.006953912141177339,-0.2798195386656853
0.16547935009176412,0.031860636253461624,-0.8391056721637546,0.2272934344100796,-0.5402988840296516,-0.39850239495795764,0.09728580961629574
-0.31362742213283856,-1.888383362480492,-2.187469500923946,0.7055033433873473,0.12099311115838221,0.8169139560283636,-0.66569752016035
0.28028652142346006,0.10324497601819507,0.033432494833987164,-1.406795580863241,-0.5787957488885245,-0.41628545830886826,-0.6436915294440714
-0.27034178105380535,-0.6500636567054631,-1.0359261364860322,0.015450176125358817,-0.10586658363367443,-0.6048182588125777,-0.9397860742660589
-0.6199663853706089,-0.8135744797027131,-0.05786610493597932,-0.4280485382438413,-0.4402283119240248,0.19484231221073656,-0.1794397780043731
0.13417353178728272,0.405861348444145,0.5778886469470872,0.2258112936112761,0.13538070437746877,-0.15473289219040584,0.06560727680542934
-0.09038507045437,-0.4289726495737726,0.4316455101688924,-0.17955674958441623,-0.7303368542510308,0.18956096931666322,-0.022582155376558843
-0.7626970104022079,-1.0163201999346096,-1.3094518890741855,-0.37859264676069215,-0.9405264199015189,0.19760107101936153,-0.49342054456957946
-0.5652227063154442,-0.3982807471545393,-0.7138514966324672,0.022177399228861583,-0.39908393525065294,-0.22409155768981479,-0.3931664453181758
0.5440784165188293,0.46853040755934816,0.3369634059466492,0.9798095694729059,0.8807454000917043,0.421896065049977,0.6913708874047197
-0.5136676010987974,-1.434340013805197,-1.8930161593888375,0.5414426651063211,0.3129117738384219,1.489948818095445,0.09522621264986103
0.08427793616387101,-0.19047254122284651,-0.7232576524406469,-0.9618706744530698,-0.5581835509600659,0.3261503740458917,0.34392258450206975
-0.008853074640649132,0.6844668267170647,0.48914788841847884,-0.7927480588171502,0.19662034706164327,0.444708635871342,-0.4077545371094493
0.06273617938364989,0.034450837516282,1.7139475073095662,-0.13269303150874623,0.48927034473638037,-0.4998781605897307,1.2720119027297792
0.22488967547632085,-0.5995448685759788,-1.2668229172188659,-0.46089058153200096,-0.24957682171075957,1.2017069753286171,0.05262991639518459
0.09610294947638204,0.11899010438747727,-1.0507739521709567,0.03470363485287539,-0.11407022993598602,-0.6733348868716966,-0.6942905391265293
-0.4163894583396223,-0.8876862974543414,-2.9589702067972996,-0.8468802267842401,-0.7251488533500818,-0.14027523488318902,-1.40795657578426
-0.8601904118290417,-0.7606507684533489,-0.7858069666806381,-0.4432289435439763,-0.9389925621849189,-0.8875274926819784,-1.3287729416708642
0.08168447116096765,-0.009708843710846085,0.9542369741992222,0.36146382343222705,0.28051172131352287,-0.44011829762466004,1.4726143707408226
-0.6668005894611906,-0.06749787530816131,-0.6401885625040308,0.47959527290944814,-0.1523371874021368,-0.26144349305505565,-2.234902751241121
0.6312981275550048,-0.24632255328556973,1.1572176461880872,-1.0066740973102222,-0.7352538803328094,-0.7254389510471634,-0.3071133724067818
0.19844575031661757,0.6760562718411853,0.46391481942370555,0.863458504111605,0.5872960425008837,1.0825989873004926,0.9661306886239277
-1.9549076939880228,-1.714084448865664,-1.5798339621636,-0.8840197418049367,-1.3665525520333524,-0.019417265076700482,-1.3884945806260216
-0.3181832629422406,0.06865557690480834,0.1383080456121204,-0.18324513427669126,0.030923004221864864,-0.2320426060590594,-0.3877480404000267
-0.3416791031267327,-0.4596438701861497,-1.694575100910406,-0.3884478907302827,-1.6285544661852929,0.105726525152674,-0.530438138695361
0.12554112477862905,-0.10129915177567733,0.07765332262210792,0.05245143757823978,1.291382606682268,0.7158156841555414,0.9638212336300253
0.07386159163597852,0.15433513285662903,-0.7139554975841642,0.5104828357484436,1.2051208024422766,-0.14732687096445538,0.09388038984290646
0.014082598756919648,0.30440547325396955,-0.08907802633194972,0.3706899076166371,-0.17365030573126208,0.44657540351938324,0.355524014595182
0.25908639521648585,-0.7402472777623683,-0.49829653126343326,0.532157331263538,0.5066531239768398,-0.11164291355761817,0.018390886653641525
0.16366817636969688,-0.10467013857758042,0.35792154329509696,-0.4093324143429782,-0.19489846946842465,-0.4073491468024634,-0.5210231928784164
-0.1253801240742341,-0.5907665312895483,-0.36212942422470085,-0.5698512580153304,-0.4552140078438838,0.3339622538001752,-2.0063985203136943
-0.5230840237463708,-0.8472751877247353,-0.9363749262976714,-0.17515265461606236,-0.17606927156935437,0.2748068797578073,0.5378655798469327
0.36204566830775387,0.3899796366566587,0.31173613823649504,0.6234265899223963,-0.5209048562668979,-0.22761562182882988,-0.16503332197207632
-0.3978787616694647,-0.060043838759705426,0.30760028518970944,0.6298936093197772,0.6040969420521344,1.1589964553023107,1.1094356948352684
-0.22219102307396937,-0.7426816104442172,-0.14061907711975763,-0.12458203054645864,0.26719396263106543,0.2684636357050562,0.3172750651823124
-0.17012817215495632,-0.4420467600200336,-0.6298395784451672,-0.10975163478583552,-0.05185790172228647,0.799113928716332,1.3694980872642422
-0.41581102718857793,-0.6867031355288492,-0.6236863928819192,-0.7086849695767844,-0.52646298452637,-1.0042085467599873,-0.6276492647500154
0.24634174815006474,0.18791667612252663,0.21064593909146692,-0.42114591964665593,-0.41901220457270155,0.3932633209177105,-0.6966184477589035
0.21204141647457714,-0.5080612386293056,-0.04900420004099776,-0.41105392518628053,-1.403941018274272,0.0365126849719505,-0.14419432281963918
0.41333689969002907,-0.41009917542308344,-0.7046302989711989,-0.7830195114645928,-0.42553206655850756,0.2618835351703113,0.050132069356916054
0.04775418102940319,0.04885146529431328,-0.1861290776528403,-0.03324848250532765,0.22608547898522324,-0.24829165356120572,0.6391900345048738
-0.45052440678568106,-0.3239339558010726,-0.2501144129579199,-0.8504915866270377,-1.2891272283118789,-0.1290078643081346,-0.682992747031102
0.9989602810078513,1.5498757802394136,1.210574863113632,1.6454268180262908,1.8530910264139502,0.2929968629698832,1.080544272812576
0.2622126825350394,0.2914406220001032,0.3014657431051568,1.1852100229291236,0.38899510041905755,0.4438015869677448,0.6880459718029364
0.16845472892353539,0.09682985694503313,0.10211845385079735,0.3049423529615538,0.056267770489570185,0.927610154395052,0.6937692886211292
-0.5974013252151652,-0.8035593731194042,-0.4937048974652595,-1.251761159143399,-0.4349166568089885,-0.35342813480948587,-1.1233562129051178
-0.24217060595181242,0.19545641107476888,0.28022869965906977,-0.43301372415053974,-0.29998926278432103,-0.7687421593894006,-1.6818724110343213
-0.05131224914544561,-0.10293664768585038,1.047120928061013,0.15908420775374435,-0.13754686262912616,0.37981806506663957,0.4017038526895705
0.2591763117407586,0.33828199453726393,1.0393813313362799,0.20892337223375682,-0.16340898330515247,-0.19985818894856522,0.36513272491970294
0.55534856701731,0.5526190777220622,0.06557458529051602,0.7255801221788212,0.3860960268618888,-0.09881406260630418,-0.18941193200063272
0.1347249127839695,0.5247939929255803,0.6974178604786455,0.23013009971285556,-0.43739944527820007,0.0526009791796849,0.7042476117432378
0.14498725319398567,0.07331084431550305,-0.01537548500292013,0.10339801379198418,1.0848028008101251,-0.17507900928516634,1.060823048820013
-0.7258219030719665,-0.6357492283253371,-0.7438766805426252,-0.5548733083484103,-0.13004123647149707,0.3433435109426793,-0.012679954303795843
0.9117365235901882,0.9436975756201161,0.7217275123354481,0.49140873769753934,1.0330636826974835,0.03820635873720564,1.1551400603756643
-0.3065731250954562,-0.7755740600590297,-1.0955514394663828,-0.2197162135432251,0.395672595119453,0.010096062936681393,0.26160876371186226
-0.7281068298591636,-1.095663764342325,-1.4232306239597685,-1.475216190989678,-1.6622334939907935,0.0425818752626178,-2.261060871369044
1.3036060706862354,1.8557089894385006,1.6468534691169066,0.9735814293333924,1.1011153793080104,-0.12338350140350966,1.2083442269714213
0.15983741326970158,0.03600116432578855,-0.13872043127996256,-0.35137448068041527,0.3010724960419549,-0.6873801362278711,0.6609644137766117
0.36828547904489767,0.7820212239704343,1.099714157795284,0.3374408018998636,0.4463497754886826,0.05806151296034865,0.3466734411818355
0.32266684354045744,0.2264037036248265,0.1961260541689953,-0.36696346725962803,-0.7033523326732096,-0.19754037926606255,-0.34356081053335424
0.42882793117234247,0.41759877149276203,-0.04154691806973532,0.8548896877464974,0.7448950440488233,-0.06339357479930365,0.2978453331747901
0.21944983322164685,0.9898478516348987,0.858796392643417,0.056355020170401504,0.03291643125887389,-0.4682134815277339,-0.8792649598149905
0.834339265225632,0.9932188429173281,1.5696118334646831,0.8458448050923255,1.2033004861733168,-0.005880123929505559,1.0704246490835139
-0.41272143894342544,-0.06184415315575059,-0.9976401571000202,0.1540877094322053,0.5235688505431636,0.09021270174861465,-0.5678825738843015
-0.27064583092191563,-0.1265502623980836,-0.031556012658721766,-0.33381021312445586,-0.4311676550802016,0.27138813361920877,0.27038141279521827
-0.004561659454682539,0.11259602796093089,0.031132385208224284,0.6772659548816544,-0.2245888185306768,1.9330536580750464,1.0883737005108316
0.5737798042633678,0.4217026150264083,0.20203924309479432,-0.07648015106233305,0.09878095672106998,-0.4323741572233525,-0.3713729840291028
-0.1941088370215271,-0.13698374122442072,-0.2348719707214758,0.02346516572762978,-0.2569944769191517,0.05728901505475617,0.858949827159954
-0.2269610375135935,-0.21537196596013,0.04121257345418952,-0.07866003119927822,-0.14271704362311696,0.9205419086875941,0.90249467922182
0.21026394251110048,0.6327302431260611,0.6053682446306125,0.5654928551806057,0.5090050448471761,0.49969387502017043,1.0292710485418775
0.00960914246115627,0.9052787539249918,0.7215012515548416,1.1183368149446618,1.40941868230151,-0.024369133166231453,0.7433632518205332
0.2296136252473014,0.041012930417700294,0.11839613642186933,0.16320304408070146,0.9274316371747485,0.09387106983548091,0.6656558450074115
-0.8335526461031174,-0.7413983722940719,-0.2551453605802633,-0.4520015087089938,0.7989047327188107,0.0008019820438564056,0.1458209355443277
0.04020843055482136,0.5739473712267545,0.3159820060224754,-0.7051117905477664,-0.9677416180455991,0.7656054679648363,0.16375572693518337
0.6514052042603818,0.5045909079380032,0.5980039913994769,-0.10767357678863426,-0.19766378790936362,-0.41467590459069115,-0.052975612431635406
0.7523102345138473,0.6641591443410461,0.6924664693281715,-0.12534847906891505,-0.12135276570684844,-0.5619062237593889,-0.04792287418903138
0.4559306453033746,0.203791674979882,0.3284597165577528,0.17206912944920574,0.43452242767130356,0.19559746370017292,-0.2729189084478052
-0.3954680013643662,0.15053722561762523,0.15838036707488337,-0.6045648604033217,0.3787314033062248,-0.3503579891483333,0.09718571277030545
-0.5665254986397746,-0.3785013972228047,0.7364351771629674,-0.47321614457062466,-0.14483709320328314,0.04710156131697393,0.3519518245035984
-0.6322578373453549,-0.5004756244708912,-0.4240579322496466,-0.858446343236261,-1.3254265225868163,0.005424880137053576,-1.4364656740536477
-0.2325571249959234,0.04976988951567715,-0.12265080266288268,-0.6581006870455968,-0.5251686267541198,-0.1995703290095496,-0.9455855939422327
-0.09515722999644366,0.30730810341334047,0.3183177919414149,0.7816282238832643,0.5863873376712275,0.6274421613805079,2.2056766527313485
-0.23439180185050376,-0.356119444004831,-0.604221778468214,-0.06112349307890608,-0.07737002980650631,0.4233503889659846,1.0370418335152796
0.12498003449999831,-0.19327240964605807,0.18736303111250274,0.1939730427625751,-0.5107762132342624,0.2529311705818502,-0.9698675228141687
-0.7870683149622948,0.4053246307265833,0.38707833247257645,0.37171245375078005,0.08992626355372763,-0.13764632385961406,0.22806196292239256
0.11348749615420632,0.107919488779176,-0.15663695574211833,0.3169037324876406,0.7283789727199926,0.007587359708602297,-0.561169663212405
-0.3630307626211606,0.4454048622923474,-0.6626575568686482,0.017143531719136414,0.0218915940567148,-0.504583462640009,-0.3683307494844771
0.6726106154304172,1.0905758681006184,1.430745363529315,0.6208909032858405,0.5314736457495909,-0.43191749375998584,1.3806935902001207
1.8657222250244905,1.281734126780059,1.3740370988792174,1.251644145182794,0.6826901204849048,-0.07295602958329951,0.6408535424427618
0.4591654439075061,0.3787392094297702,0.15836478890833505,0.09083578132256757,-0.01739089202190794,0.008820140472683705,0.22893448680431763
0.2411096010912712,0.11943365065310879,0.6228214304035933,-1.0400155645208606,-0.3938566583110959,0.2899406091969541,0.651331803499883
-0.6941576445477646,-0.4013737775810857,-0.7017119797250713,0.3110475106373809,0.816257052953941,0.9403533231842174,2.1317379338820728
1.1400222251485825,1.0387294792749238,1.0480988301468548,-1.0310127564010614,0.06885263187493917,0.14530024612133532,-0.0021206841899673035
0.4130160754920386,0.2874438371275179,-0.7008723547507534,-0.6656086479993903,-0.4372285731985813,-2.230231186755159,-1.3395277581144729
-0.1161899459551235,0.39741067589180956,0.0031371037629889242,-1.004014862643075,-0.48983077609601494,-0.6693720584223813,-2.059144039609083
-0.20255627438410087,-0.012628754704908901,0.4788886494491738,0.520474183082683,0.9566649848041875,0.3072732882825632,-0.02583927567483557
-0.165168417123443,-0.3311481351356138,-0.1650335783365719,-0.5632700839356319,0.6464468786707567,-0.323437324179935,-0.2179742993738332
0.1384537207575852,0.41762104074316564,0.595110336653325,0.031369169049071,-0.6090817493728642,-0.2588817363755789,0.9841732170095832
0.6353689749106648,0.10281900919169668,0.951204466959366,-0.3884118283001978,-0.12994971333825614,-1.2644102312658108,-0.05865876196971098
-0.6492993378943964,-1.5901902013606954,-2.0356992502308304,-0.45565367340179197,0.23535776116356566,1.6027984966612427,0.5291125947166544
0.10608611414298481,0.00995802236042434,0.19818011276529704,0.23117850850697896,-0.028653493986612905,0.26949394652582787,-0.15878692099050137
0.01186121059536454,0.4855997156355669,0.31912048267243665,0.12914617448282245,0.41746172351280386,-0.5422343730181071,0.8496877688071085
-0.06511772190377603,-0.2559404415619704,0.03001986141584595,-0.4338747384059857,0.443194259706761,-0.37620969363643403,-0.3120899640572713
-0.6265414168279639,-0.31152920661574013,-0.17999029491256704,-0.40907968807637474,-0.45123870189170845,0.03208284348622196,-2.7179993492684087
0.5808896410650779,0.29662201507051245,-0.14025318558077365,0.24525743778301257,0.2052738150892025,0.5461191631837446,0.5217746153632302
0.10787538197438873,0.12478744688704593,0.656267885441796,0.08438069474743382,0.634200461504564,-0.5445637358200248,0.583765492088892
0.2793318013586324,0.03831844803054804,0.3124361731698664,0.6857579683882725,-0.32386252029913265,1.9111377057680095,-0.16786601876902751
-0.606631273395437,-0.4834399918523822,-0.21176325828043752,-0.5300657772002533,-0.42440927227302283,-0.6781290608874637,0.4949588863103437
-0.623937905386035,-0.7329844244642725,-0.6707705527081912,-0.20322879757671825,-0.6441559416012661,0.8894316630127836,0.8323542101362855
-0.6947356060451781,-0.9054117826744833,-0.6644971051010294,0.043762459420855215,1.6128832115287852,0.18885574047208573,1.8310857062551966
0.03139252525147065,-0.4223624574432398,-0.6083688944920715,-0.3498718116781893,-0.5813870022878822,-0.0332132692189127,-0.8174379300333694
0.24415907800894512,0.045232140239067964,0.13985875250323693,-0.05818869306281754,-0.21788485641691335,-1.6435210690727335,-0.33139741161696146
-2.0974358420222585,-2.2230855476444957,-1.5573785388332733,-0.5772831818642324,-0.8389253867043123,0.39575413176333507,-0.12473494103355748
0.5241813557166044,0.326552796266037,0.5623232370134542,0.05092755860088355,-0.06996619178051056,0.18643149104773202,-0.006409020102294605
0.5980072629055719,-0.02041896143776234,-0.44505798713758554,0.12856620422549112,0.6539356456201431,0.16061755804515115,0.542694145674085
-0.4792474940610017,-0.6108451251992929,-0.4322178503831131,-0.17656293691119476,-0.5358426979383044,1.0756900248660548,0.1650960360617349
0.2472729299786137,-0.37993159295563284,-1.003929345309708,-0.3437594956136334,-0.20369994327677143,-0.2935849635840197,-0.42123759435762126
0.7298309548647923,0.9333668093076913,1.253235713576514,0.0007967449994847609,0.9481098665667895,-0.9507457830806738,0.10728517624686987
-0.5730541926315748,-0.8878017800290295,-0.9529923395629991,-0.05708511576382136,0.16080034414431932,-0.05017727684923866,-1.3159310065829104
1.425655586909397,1.037593694759525,0.9343501720250079,1.2672127646094529,1.3804176813161246,0.897607026786571,1.5947218749423686
-0.6684924403453364,-0.9450092593986881,-1.1267969329766423,-0.19954055292368278,-0.6919573232245382,-0.23175543044207408,-0.6407671595944365
0.2650344605822947,0.7614020841189402,0.8040318099768442,0.21436163629768845,0.2644458197321386,-0.3277173440747041,-0.3919949981072005
-0.6264932286238033,-0.31277718354880324,-0.10996336989851915,-1.5878057124054474,0.43990729567901043,-0.7201029729685248,-0.10252982162417199
-0.5473303087120459,-0.11818449722580726,-0.3056903078329231,-0.7360392807430389,-0.5719070197709206,-0.6770863771882614,-0.7479245309427384
-0.7183245417451121,-0.5771067566638504,-0.4501463589769926,0.2641948795572452,0.42115476631706666,0.4693512351804378,0.43019431893071103
-0.7561662549493403,-0.5808243152564345,-0.42892303707537693,-0.6357697593701295,-1.1459150702119407,-1.4900137482492635,-1.2688729435800135
0.19601466184549743,0.13564518520461386,-0.2869971297834425,-0.46014926324464833,-0.5409395735148577,-0.09062479113224164,1.0402867109085299
-0.22822932152248396,0.19505273261371506,1.465348488425022,0.21937033210319157,0.4077249730486674,-1.2037586857035654,0.17689614155941372
-0.4818129107016126,-0.39829282419895123,-0.981123427323018,-0.3226289837674605,-0.23276511183852017,0.11691862788455641,-0.4208669279791432
-0.11388827961790009,0.7164021081868326,0.8421028315019515,0.5650859034081672,0.18966552709086953,0.5136664808727404,0.9991042842155957
-0.8743081201391223,-0.6703873951576066,-1.3832759471347034,0.09181598788849371,-0.5420195586762149,0.6443446350670552,-0.6616445549513854
0.6166626161966533,-0.3846382782138479,-0.24234892818139758,-0.7704570388463579,-0.46548557711481353,0.05576001881827864,-0.02217060228563833
0.1133068037728029,0.15276317568265557,0.17148132886433487,0.17659297444681626,0.10832063968724774,0.04917017542364923,-0.21082558840549998
0.21913328587894257,0.36414639606078625,0.0038424941075409502,-0.33025398547440604,-0.04179303521386121,-0.11690257885960062,0.5262404120936595
1.502115673680899,1.4569758293299164,1.6577154142530488,1.0482008803894405,0.9405547861455008,0.20886315669154662,1.1529702017236285
-0.55763154371568,-0.9279377942552848,-0.3026528567270148,-1.7858047137447546,-1.0769084428694649,-2.529126731244564,-1.9193187033292958
-0.12129878242018301,0.0704206619497304,0.3666180770949814,0.8012882204622621,-0.986915947879137,-0.7148576604453112,-0.5511233108968473
-0.2758252735925414,-0.19139840526029597,-0.36219045693895924,0.12733408084543024,-0.015071349818330778,-0.1310835062125222,-2.1658713479084732
0.3659266262399746,0.2298003130158879,0.4367905383836644,0.39821385620843663,1.6224943877684654,0.2816432358939162,1.217945613281816
-0.042735209333970604,0.41989281876707674,0.6692995371271622,0.934507498842623,0.46758515155423686,0.5295406123958039,0.4449221712896182
0.13540498343958415,0.47342336158155873,0.4341567649116097,0.3828251468194107,0.40577542633107744,0.31176185748696333,0.10786744935224407
-0.6276940566124538,-0.5236748007175593,0.37992785313536365,-0.22055336132681447,0.4341237188833937,0.6940322613939938,1.9361786594694408
0.7797799579941003,0.7429862355992001,-0.6982434031750909,0.7021454662157504,-0.5905947108179103,0.36625505785510576,-0.0012330012241245636
0.032325666740885335,-0.9807122344409458,-1.3474842921021768,-0.9005309646695794,0.08037522026642885,0.1696149156810951,-0.22546911922192553
0.2961865772549476,-0.47228302078339035,-0.21650333719046594,-0.4983157789225011,-0.19035875888535897,0.04976305559753421,-0.5069876550600765
-0.4122860094662878,-0.18661197601881813,-0.6318475056284775,0.2722765030120242,0.6501272234133179,-0.29341303125786267,-1.031400363321814
-0.14690059377903444,0.031413184536529665,0.0747697607226879,-0.1934068208709047,-0.429201254297687,-0.46392316122588073,-1.4513359050156183
-0.14246390715692378,0.07681312897269864,-0.04848849690350386,0.08831447392045833,0.08203499584773019,-0.1828632744047659,-1.1993021136940223
-0.8514790451930583,0.1990998730678274,0.17805015859386333,0.32520150304753653,0.2931383718676854,0.0497608867051948,1.3972892991842256
-1.0152831155924813,0.3501110626503544,0.5599147619823064,0.010340601669129368,-0.5452143327993826,0.47159524827203353,0.5567857139818484
0.5300538025705914,0.3517221641862989,-0.2915772556869732,1.1505392372711094,-0.08599041886246872,-0.507175912340597,-0.7352684468361446
0.011368285046096088,0.06919190735034172,0.5417858495344866,0.007633357281841391,0.6797314953909019,0.037917919093790484,0.6927264663347236
-0.5968648313282987,-0.5960749083358474,-0.6229597495160639,-1.2183763393253435,-0.9258317823568495,0.014196848591881939,-0.20501124950200883
1.1755119294798375,1.000799351212969,1.1789933486820867,0.22207000744045524,0.36659493501635776,-0.13826358169152314,3.069421316446714
0.16172691301957348,0.33240867669317925,0.2796337679948545,0.17505381074009022,0.14965505300379933,-0.06715373677926599,0.6078844950901077
1.0919331756884032,1.1285725463252685,1.4778128859588473,-0.24367427513230266,0.6036650776594392,0.19096858353612933,-0.07286533401332218
-0.27919697338039917,1.275364899644208,1.3617690591525786,-0.36857750865934696,0.2776905282508653,-0.9159954988084065,0.8030336959048863
-0.3938078736000213,0.7348947098364822,0.906747829610183,1.060530392607431,0.059114476806382155,-0.06732160630059116,0.7458903599579043
0.08682112812176897,0.47078755044237897,0.34453441587405215,0.19041862212302585,0.0055158874865320895,-0.31948624391859715,0.2984561305585344
-0.161058885907453,-0.29396919076991757,0.024484758443349686,0.025159090299125095,-0.5544089349677883,0.40350546073476085,1.0322001509864398
0.8090215077707823,0.6341891976984949,0.6533637144444784,0.15904318310425047,0.313479800064979,-0.43894164402012753,-0.485812404713525
0.4827528179838556,0.4252175067133761,0.038909543690075155,0.47120516068673257,0.34391548198069877,-0.22858698614524647,0.180320992796559
-0.33608244759151773,-0.7962758942742296,-0.7043169580065219,-0.5327579312094299,-0.6977474749964077,0.10705328923772779,-0.2368150205291988
-0.28400836133807905,-0.0666316199293776,-0.2830615402465424,-0.5175515844870828,-0.5564789284818522,0.08911652398119314,-0.10154628583595754
0.814100474374504,1.0149777358433871,1.3216680324085257,1.2315770271968391,1.407488742691012,0.38083441849579536,0.9943417980178484
0.30131918897676757,0.004451474256427335,0.18834667702887456,0.12184243696534391,-0.32120209322687854,0.19837698744470034,-0.9139013650356459
0.3070452789710287,0.4798174331922359,0.9421242152020771,0.06321480298896123,1.2088009995826665,-0.1966387639576386,0.9936701933704956
1.0003952070522917,0.8334646778800234,0.8822857393858856,0.5301471967497079,0.42217397449469785,0.07065747337377586,0.498242610016578
1.3153665120723228,0.8293822961150603,1.7398442773266707,0.5830214291499636,0.8461568402460554,-0.35341412703149105,0.8326501341440171
0.2852598530816905,0.2075653434638397,-0.8906656921136353,-0.4343411610719531,0.10339275532509368,0.29977089232646326,0.13378745600359931
-0.033694629397663566,0.28457848176789313,-0.40921853441264266,0.5591269825942173,1.4297351691296858,-0.08951904796474486,0.5330033951242447
0.3111069105667741,0.9259608144556541,0.6068230915585052,0.05605473513686754,0.8618414690187074,0.1724124435326128,0.12308888127737994
-0.5112294150266475,-0.22730478024085862,0.09707396349242875,0.47439952812873365,0.3956581183188924,1.1030892188857933,1.1712348957247352
-0.42373785884301185,-0.45267708507022625,-0.16050586983670972,-0.07111044967115826,-1.5800791012735913,-0.3727243247048278,-0.3310125653063575
-0.9445089009116191,-0.49279865925952776,-0.2147169536130046,-0.13859759752046585,-0.9245141735260382,-0.24112071057582643,-0.13119444204330927
0.23719674195688245,0.060375038102005285,0.36435627105736607,-0.07302465772581335,0.13210230248447064,0.376045952710323,0.19900879972636867
0.5118838645300944,1.2221909459017226,0.8619522586495573,0.1682444925328508,0.34228470859657345,0.8824845118281575,1.1933853861290349
-0.6788560954797933,-0.7035001945300978,-0.43690117724254673,-0.5898484647166358,0.3913891471253591,-0.37279640898097843,1.2377343357889128
0.11082123879983699,-0.5438674501900411,-0.7030103803994954,-0.474765309761967,-0.6566689208711087,-0.40648280946319487,-1.0532281372440502
0.1988661543128766,0.19402723547446138,-0.15799969975422992,-0.6393301074342617,0.28319517468110866,-1.1331880592711618,-0.7874972433334407
-0.415485072660541,-0.03783209911269819,0.29971413753167786,0.7567299430137423,0.058101336888309596,0.39245878632566744,1.5943885352861882
0.008023883590487859,-0.1657863800466115,-0.34396228371006016,-0.38391265703984245,-1.1870086909471091,-0.6141708430286509,-0.8573847414582915
-0.13524266979200894,-0.04237555671876628,-0.04432870219252357,-0.36400991339364425,0.23446219318294262,0.379559766712502,0.029243557393304698
-0.9920259562496144,-0.8166351453145403,-0.7806953037437638,-0.9538644064553505,-1.1693797754147761,0.04937881462627286,-0.5143802460898401
0.462033240151863,1.3483206695233962,1.23799219093025,0.8579724156791633,0.5129687227906847,-0.9126254720542567,1.0825809301665565
-1.7253205405047056,-1.6413221413430228,-2.7775427254669776,-1.143974939706394,-1.7237296129226152,-0.2915180024930991,-1.4266163036235562
0.26580607399631706,0.09228381948044806,0.328021309309257,-0.268194358741047,0.1687879468942792,0.9966639816703816,1.2259091569360758
-0.29372951120624613,-0.5607674008007306,-0.4965318857812641,-0.22989044954249843,-0.377290893709758,-0.2808220041923442,-1.6195130362642267
1.7835312815791542,2.0940763156721243,1.8673305431819962,0.045668486868760905,-0.4414165104512431,0.10191112639844549,1.1701549191523877
-1.7005985815802596,-1.6046247371541438,-2.2386058158323765,-1.164086451562473,-1.1586112546570622,0.3775916671738858,-0.8211816741529859
0.215403169319514,-0.02080038065268855,0.7610405572646631,0.010100376261148795,0.45945178579723917,0.14159945940655508,0.03422338738166486
-0.006699633776404943,0.19547557982358282,0.34349824474942103,0.4630749477224493,0.20185836669607415,0.06050366549397549,0.006675725500004587
0.05254874910682433,-0.21782495337180835,0.08555443523981796,-0.36045965547303827,-0.8141366776995648,0.0746748373360312,-0.26475077391919805
0.3000441179008273,-0.14426841758410663,-0.07899236530228632,-0.8581279323765922,0.04050931544277814,-0.17520850588657258,-0.6098579056487861
-0.12694417844342262,0.44699760441258074,0.1651312053803479,0.9434696566050234,-0.45266706953754665,2.2739675964645794,-0.21559880572743273
0.07645236117621426,0.3167820457744468,0.06541427639525127,0.43659646164407995,0.2648843956185032,0.12004430579773111,-0.6990309253830299
-0.14626270425694415,0.8479740885234374,0.7750856991354695,1.0507853667807858,0.17509368937551667,0.1733532408510519,0.3440238405068451
-0.9564624530109723,-0.7456598213376048,-0.5703007833570894,-0.3306684807723498,-0.556048899522253,0.5725333687923637,-0.44160774460168434
1.6651726546492718,1.7137557653873998,1.5979524579073232,0.7607606547311825,1.119036924826404,-1.1505993928905256,0.04008495306130988
-0.45378184964056,0.08256051775740353,0.39718591518830043,0.544422294393996,-0.7394665660515614,-0.16190960390022235,-0.1577782081188993
0.6596360845627692,0.6084274224524902,1.303068075728692,0.07524818766157981,-0.9197006760056392,0.3015498037155936,0.3975997009913373
0.03103122586681967,0.7103897163787684,0.8154268720176077,0.30303465632425114,-0.3588361493395737,0.18634286837704062,-0.17223475257683374
-1.8279388440588935,-1.5265439277034762,-1.259215649741248,-0.9947900349052814,-0.3940360276196767,1.354157054673441,0.5699324794549185
-0.09099616152774669,-0.15090609858285658,-0.19429755759589115,-0.024698356922335282,-0.26744413237305303,-0.135561070598644,-0.6837480570066798
-0.2512576047956819,0.2072802678373057,0.3026881173483152,1.0234939241450978,0.7315736917842705,-0.3341284004154209,0.4438878868667512
-1.821807450687534,-1.219194669628693,-1.0648595748400072,-0.777148384224164,-1.615334949864932,0.03456367259770248,-1.516936072377124
1.2178574933960458,0.6363475854646174,0.3677857913698881,-0.05372400282005885,0.5938853123046264,-0.5910898009799351,1.0555866366911049
0.26344213347108997,0.3135944349539207,-0.06307197890965938,0.33924950956296224,0.36616611186162196,-0.236683361055956,-0.09359286297592855
0.015660918175176754,0.19749218422637405,0.9752085079927353,0.12654573283438827,-0.05277296577279868,-0.28988702482102546,0.8481005607523914
-0.4421447203507667,-0.37203948712020246,-0.14112393918483443,-0.23739890186853155,-0.7904579801791487,-0.2529067939023262,-0.21124036134713658
-0.08869840227100598,-0.742478498903085,-0.33589073665718844,-0.8406180975269724,-0.465242852363169,-0.47056384811940544,0.11445542751050763
-0.6189556222085155,-0.7127197136101038,-0.49469198006374904,1.2353830066658855,1.0464534068503744,0.15214356462035028,1.8325151606623395
0.44212382228996827,-0.05590875191369776,-0.8069257856639851,0.6386176617595326,-1.0908562222100537,0.129286750325,-0.7172648011898849
-0.030411958183134014,-0.6739785736256487,-1.0144985726588613,0.8765803162362963,0.5842925462185722,-0.04281177779530844,1.3090363890276433
-1.5081382010628774,-1.4881962759663048,-1.1999829813840184,-0.33526086157645674,-0.6326591418847413,0.03562099834197765,-1.1465554633861323
0.6888392454247626,1.8407914242203356,1.596146055384685,2.3898360170106008,1.7461632946726857,0.6545106579076064,2.1543440563142435
-1.006482739140343,-1.2159975278803794,-1.1257677083894932,-0.5112241460755801,-0.6896010852139653,0.8654933694232511,0.16636560009787923
0.1480175219626355,0.150016358088579,-0.2796685074762517,0.021104111596611214,-0.0031124550623749803,-0.872693934080432,-0.511442849380446
-0.37881868254364154,-0.18893581159164238,-0.16153803444010909,0.5235278166706302,0.03046598883775517,0.04541299787942572,-0.10605224320635982
0.0110809902351594,-0.09767634824328582,-0.11557147168715479,-0.6371134347871039,-0.9520933350535767,-1.3174067239942862,-0.025028063057804806
-0.735075130631246,-0.4809174373430287,-0.6287289102633699,-0.20383759008085917,-0.2605367955310922,0.2645676007279069,-0.289028884453463
-0.09726759460504182,-0.08215487834289835,-0.5076368006402755,0.9745238090911584,0.49497066289376,0.9222711736652208,0.2726259353818682
0.4018290313593005,-0.4038226359395858,-0.4781492318138043,0.41063004347573906,0.4831742756269127,0.34185046912359507,1.0878848832420553
-0.3843762945281809,-0.5187816264662938,-0.27726717576123416,0.10834858904237529,-1.2297997001646641,0.686865746033562,-0.7191307204203269
-0.33005669527320175,-0.08657245671342437,-0.26404172218425903,1.2157077898622568,0.8055731887967967,0.02157235779563025,0.11974585046500025
0.3416195983523685,0.26127766750884035,-0.34487244104298004,1.216606854651174,0.8501904428117784,0.013111979384098402,0.26783548717116185
-0.19196644502735766,-0.12327864396174187,0.036136115288072104,-0.6459439784609382,0.28314376097382854,-0.8167197173003876,0.21760820317126345
-0.00029879663604581453,0.10171996960503583,0.2888791811550738,-0.16505087280649774,-0.5033746566805772,-0.3855749467532885,-0.8933843150631344
0.45831502456425727,0.35558678096744684,0.19381181855505833,1.0080408692541374,-0.4733650712876809,0.24370297524708312,0.7866609416786371
-0.31121508898411754,-0.5783008182423016,0.13510272469961027,0.04012837571373717,0.4860769768676328,1.0304965524854364,1.7699545251070883
-0.34454524029183137,-0.4233315154258813,-0.033901370635162575,-0.13702213110604053,0.027292829487589237,-0.3281695019067275,-0.1239361974153748
-0.010528067993155992,-0.05080277527012314,0.06021659534936787,-0.3010896153119794,-1.1444921389376095,0.15202437278067601,-0.3135556383057651
-0.04055517939149279,0.397821937109687,0.6360076766448208,0.7051574536544893,-0.20384346529223335,0.15970827537975193,-0.0999042705066126
-0.5706111259721411,-1.0616787771378908,-1.0405886069932835,-0.43234576367694133,-0.49379072039993843,0.6303774500815527,-1.1559505658620641
-0.14543859792890151,0.8352733027699092,0.49693953441356553,0.26363685161175476,0.027226414438409396,-1.1085396598793658,-1.2172954995345053
0.3820893669053597,0.3662038006880781,0.2232345112018577,-0.8334051393416522,-0.13791693155781026,-0.08841390564011344,-0.11671544874032233
0.41350481356026864,0.4120114656665811,-0.34833614624925024,0.17933744846913663,0.018426964555383535,0.08483660030016119,0.8718507212337749
0.30962752713797725,0.39369188481243644,0.4168963217836408,-0.029001203265109077,0.099449608974925,0.22446995610558187,-0.12765732097793497
0.3246909452052245,0.03258595965517855,0.0884069207244002,-1.4064897826413867,-1.3522380169912527,-0.09633206319525955,0.6699763329461126
-0.3263883254786427,-0.28485220913934317,-0.7765634039639668,-0.22768764628456223,-0.0545137633640862,0.05880914511115704,-0.13346236230368094
-0.019064005095765148,0.021884036542174783,-0.23803528940549426,0.7630052506257142,0.8565791789469186,0.01722084703962017,-1.1666361302895096
-0.010515622434684364,-0.1165295643818587,-0.43398840019929386,-0.7063310504907343,-0.4113723039593657,-1.6794110426712971,-0.8201023693933536
-0.3113221282677061,-0.5102762290505447,0.31931917287059686,0.08906368704667011,1.267676712133066,0.6039883914888403,0.2839810436492852
0.27521752761841384,-0.15318151891795406,0.8042789708094162,-0.4997257019856577,0.21749623036885413,-1.040967034138592,-0.10275970767178229
-0.02341534740576223,-0.03846429967985811,0.35958956636844036,-0.030953557951178573,0.6780540762082046,-0.2881916046121502,1.0656132018146138
-1.376118246176198,-0.6048710048077477,-0.7497560364894207,0.3356800722316904,-0.24327779826859522,1.47487826518828,1.5077949211032746
-1.2783557564727728,-0.3885283778477079,-0.5046955896878357,0.12633776883811887,-0.3005025556365849,-0.4979924118723967,-0.2692721577550757
0.2952146307394162,0.30847500115118914,0.13636099662635792,-0.002165927704079154,-0.42307144740982056,-0.24041768738256644,0.16441948540973317
0.5310625896743727,0.8691933362145462,0.8985487835616497,0.07042980694659379,0.4379320278314649,-0.4596243991531816,0.8338118669600794
0.13039880932951642,0.20542429671401097,0.054368874162975006,0.5361160285322971,-0.3743803469247158,0.8446321394872598,0.4839475371799231
0.15530446625248628,0.23649352443012683,0.12279330848918299,0.4635208270315532,0.6137617396788986,-0.15413400846401884,-0.12366305371106467
-0.793066791119034,-0.552235794579704,-0.14834730311864308,-0.36807866540125705,-0.5122142629304123,0.09391522315484417,-0.27305197630394407
0.3176817481491749,0.597520421965392,0.43409756347004086,0.539805337525601,0.18683625319553895,-0.8971121973149477,-0.40339107336272484
-0.01596942471921573,-0.09431801881764941,-0.4354169366846008,-0.905852632956864,-0.3130789663986864,-0.31535819615057487,0.5183827890823156
0.17297653580505526,0.17283180670156476,-0.13197391949682175,-0.1074121188054062,0.11918250767627575,-0.6382824746315116,0.18794288945392207
0.2034532260865821,-0.5618899275095399,0.3388403796580155,-0.8517971369708921,-0.17146915906723156,-1.0962465506763406,-1.582668617103614
-0.272444366157199,-0.4164246528485538,-0.2521998357098307,-0.8778053200072982,-0.75844035764952,-0.1415290011532865,-0.3640692695300253
-0.5326686876401733,-0.6116085148497536,-1.1254276378630426,0.11419478993205331,-0.048668029582673786,0.33954306719265115,1.646386587056059
-0.20832261613603206,-0.6694914133782222,-0.7631169286663297,-0.29970775217782164,1.0653546020710973,-0.6842704984713417,-2.0175040683249934
-0.11885764773998084,0.9578156807659871,0.7041526223326874,-0.21509684545857238,0.0392417731833451,-0.697426167817493,1.1045546689195513
0.28256501550071755,0.5622819223488692,-0.41313053341685857,0.23319516072327817,-0.6254064375942348,-0.04736575264700903,0.3863193306579392
0.13614065359268013,0.17198271694464068,0.08203316272816998,-0.22842248455557826,1.7336148380313088,0.05976502896471415,0.8530658162009878
-0.5648345983041931,-0.6387685638582247,-0.6555903784382726,-0.35016661565375773,0.010362060331078726,0.04338737353827944,-0.32630495281710964
-1.3220172125168068,-0.4282603787434668,-0.2531145450432781,-0.36674962445086323,-1.7134914725598804,0.22719104701746598,-2.7798782539226883
0.5601739061684952,1.59680972745022,1.4044034004564458,0.21081430145193247,0.618701651464637,-0.10763233808131455,-0.15173157461968667
0.5446138578379921,-0.5870943747001778,0.19686357540636112,-0.5093116384047366,-0.7994449158245293,-0.4058604378021061,-0.8474669397977572
0.03382114420668709,0.22605096489947746,0.28787821722745055,1.0879231073204183,1.5485805077947925,1.7224155461008686,1.800131538694069
0.6299184819898407,0.5077517756930693,0.3843692469820675,0.23577822180343824,0.07721297753009171,-0.11469658806764153,-1.6989236599664557
-0.1575080826198202,-0.8530680518839348,-0.7678638493801969,0.5828296396448021,0.09984333489915698,-0.6088498591004672,-0.6185284117620233
-0.9203285708089343,-0.22939320522285178,-0.4016524293926589,0.13092250771414415,-0.16380625433995133,-1.108582531715515,-0.9295535646948266
0.3524124787793081,0.4417364575089371,1.3590273126490349,-0.17290785772231346,-0.0878844902398175,-0.06094031141906135,0.6013350428004582
0.35075122838410994,-0.329134275039928,-0.2805826951702338,-0.3559008365040679,-0.3563667442035522,0.494342242798509,0.6328628832661548
0.10003746433163203,-0.9749522598867941,-0.5463904525933496,-0.8736779034242743,-0.038447454959017136,0.14673344809538416,0.35985067157504413
-0.025445071138666866,0.21592977931860738,0.06448605794055429,0.3330507832193959,0.014601207907610575,-0.15334387983616304,-0.18274859051706444
0.5814965635983098,0.5468905361054694,0.6095228193891111,0.7504205896863116,0.568060951833931,-0.12225363173679742,1.9110834599145528
0.7938332827361467,1.0406411769083597,0.6412360799109151,0.023506364186729467,2.1866046520801405,0.25214400076069043,2.0601576803129236
-0.0549301287044062,-0.2796477631312683,-0.18896024708406445,-0.2539019195822875,-0.13034167484975945,-0.3956521512659398,-0.9985336293500893
0.014077745579482152,0.03379311636262575,-0.010500496667950922,0.23741882096412212,0.6319468314371026,0.6547798468798919,0.6221397375822484
-0.9091812388531237,-0.9469091426581009,-0.9081117285788275,-0.491710714482102,-1.0536274262575176,-0.2937081961940424,-1.2492053645662753
-1.7872806086835702,-0.9853390781955982,-0.6002309800149352,0.202888467757546,-0.4975342054684463,0.5251586240794289,-0.0775982817645257
-0.22695526454773224,-0.3078530932972435,-0.7440800490009981,-0.41979118896542966,-0.8732085515945507,-0.37355966170460975,-0.8340133708254667
0.2581088839574277,0.5946694977727661,0.9800958396428334,-1.0821279100342,0.18373548661265604,-1.3323617006229778,1.9838737688516956
-0.04723740933531291,-0.0828724524428396,-0.09146208796391639,0.09743367468316176,0.9609365553668191,0.06963624759082619,-0.12791566176202324
0.5096563139041663,-0.5581882044244841,-0.4639783161855228,-1.143761399504132,-0.04584518341241378,-0.03916898209377649,-0.7065872093115744
-0.6882527904041504,-0.4799247992067297,-0.4077542435873767,-1.629168530604015,-0.24966232350956163,-0.31676265972875767,-0.18262902255408103
-1.1593326097902072,-1.0564028547864786,-1.043610485089985,-0.007695532526417748,-0.3042587006957059,-0.03568411852671933,0.44620804323262175
0.3989184558569152,-0.49661620458445055,0.7122099889149066,1.2189284436167473,0.6190869826179095,-0.07066376178029238,0.40729811498750024
-0.06468562821939738,-0.30473319130514936,-0.6384425082610983,-0.055695627751561595,-1.3736653970069974,0.3524577248916107,0.0833347699067789
-0.4880421255166818,-0.02573989966725071,0.8031382019971373,0.5846464560698968,2.0763647734194337,0.30818813512225657,1.2916672195533332
0.43456891001977055,0.406835884543328,-0.7574591170291665,0.8277512990792693,0.9844083683147098,-0.06582611657369554,-2.623359460901179
-0.5898980375652171,-0.38675995043904965,-0.19758612678285187,-0.6746038101432114,-0.48835579847176414,0.3395233481539922,-0.3931350454199795
0.5787612137955623,0.7910328603619305,0.4927353310491751,1.1591696131556375,1.083941882206442,-0.00611339062693078,1.1161071859344898
-2.1223340809932014,-1.3852118517593568,-1.146627892366063,-0.05479361061303423,-0.23815103245628177,0.04076412502673736,-0.44110074679191763
0.4864069125974807,0.11484353082929927,0.26004715759777547,0.31178174394173463,0.015726527096390497,0.07154784938495849,-0.35684268419893034
0.5580436613552988,0.4719886092029549,-0.1762422929825847,-0.17788830009359335,-0.24167462147698227,-0.3142725063250164,0.18348783377794425
-0.8671382916810739,-0.5786494119610717,-0.6191699974080497,-0.5186272247574741,-0.440967070745934,-0.5183891196770265,-0.7849506468448046
-0.3153880777098226,0.8557477539705813,1.5260583864274098,0.8231389955964121,-0.3673648144515284,-0.13956856428548742,-0.04261458477140795
0.8043295882483951,0.9915630845618104,0.3517248270166581,-0.2613370360498365,-0.2469953710604508,0.1620202386809687,0.0391504713634513
-0.05867719764230986,-0.040500345592149885,-0.22838367120241188,0.6208118884732,0.2593809972668797,1.8981602846656083,0.5302406777193756
-0.379065446540544,-0.2779896855701406,-0.21436677031223786,-0.220446057448539,-1.6245444544797818,-0.5120786734854504,-2.178816502046094
0.9574569840556867,0.261990692003091,0.5224488397430896,-0.01366673691732273,-0.020943686620907898,0.2794777530528173,0.5098447419853964
-0.5793992770845896,-0.6966357653488352,-0.78666053297392,-0.484175439130534,-0.5341691912799211,-0.6599826693694076,-0.7016691450707666
-0.8805164997320507,-1.2161920334259302,-1.2416970813040926,-0.6001375018317997,-0.6314993865864936,0.41991170565723546,-0.669955677640016
0.1454834512258348,0.07182536736670397,0.36058429997844405,-0.3605248022285539,0.05789468366782205,-0.37346546312502393,-0.5417219445429582
-0.16214940509460032,-0.21605261518596403,0.24564409566366788,0.13928325296956065,-0.008940526422262743,-0.3011908815968656,-0.08914065093870578
0.033938000537876434,-0.4906667154698251,-1.6661927468455375,-0.3087745595299789,-0.13260723149439438,-0.3193430650985092,-0.03927677846823718
0.5505154970792819,0.8277977333125603,0.6151956263815801,0.6166184386049325,0.4059389470560477,0.19213656400141202,0.6765657055811453
-0.22162259091502742,-0.7265002916426155,-1.1720703741087868,-0.39040835746793107,-0.4560093602361289,0.34553245974568847,-0.68981301245228
-0.18189206767804114,-0.26609818235654714,-0.9792167067358157,-0.2276789868423192,-0.26937284195147293,0.09575466942582248,-0.04780210783990302
0.4750775717342943,0.5498038231893916,0.48837787787679426,0.07007844094496807,0.19289966255796254,-0.15751355409681397,-0.3242937674349956
0.4898236688469728,0.6230862427305968,0.2415877721518197,0.831773382594387,0.3509119849567267,-0.08044385042974624,1.1102809949842691
0.4757116381228127,-0.10898097169461624,-0.10107774622697552,-0.8050865189285357,-1.3276301951661638,-0.39522712640467533,-0.08814203305749113
-0.31097844715232803,-0.1632358749138963,-0.8485862379756135,0.03880691579147072,-0.05775624506249508,-0.023513210174965358,-0.25488733868944224
0.6207600338252619,0.6079749883291089,0.4192426050442023,0.3219148272716502,0.30742870572415465,0.5991507464531245,0.4993895719131596
0.3754945218930995,0.2194411296640189,1.0050220033989186,0.9096307161639299,0.247576128560068,0.5957496047494414,0.2923325947906353
0.2531603237907834,-0.17970878714385757,-0.9643387145039357,-0.5538599708978554,-2.4043680964988576,0.007907480356875104,-1.1547460886609082
-0.6998034523098571,-0.42790683145824865,-0.4137594934679608,0.03574865303058683,-0.19288402591312856,0.056785561320878385,-0.9084454070061627
-0.22918052587997723,-1.2101545021912568,-0.6781058908126563,-0.46880813654507236,0.5418955895018105,0.2321280930626973,-0.7168335298348739
-0.6315401623282807,-0.6682218447679051,-0.5185319017905009,-0.1419519866545283,-0.02382308787969098,0.4051744211320425,-0.009335047488771925
0.01077554340606757,-0.09054671944886708,0.002476984891114059,-0.4096977477476763,-0.15124772869775233,0.15499296821593478,-1.3714622300384345
0.09649075456206546,-0.08413891137009612,-0.083735969395947,0.0647441991762499,-0.35797086741602785,0.44600110742917237,0.13313993966112705
-0.5213691613833382,-0.4637054425570611,-0.3603141688442187,-0.24066907913869245,-0.4766270762703799,-0.1751277279683585,-1.0074584275980432
0.19990314215142363,0.27058207541456386,0.18129770373584933,0.8437002418294947,0.6715724463875328,1.762969360815685,1.3778179167407711
-0.39199319806121236,-0.550440335932506,-0.48230707554085117,-0.22816570963602287,-0.42958696139336605,0.05444128004438941,-1.0019086834780204
-0.14395024473368953,0.26864505590823995,-0.26642847686538884,0.1514016521995272,-0.17732755683554433,-0.25615481597951256,-1.9818987186200565
0.4159263219143445,0.38663658144908425,0.8971791846897754,-0.15878494320434183,-0.22585796388254037,-0.5503351634459882,-0.36868756917031803
0.08070403123030863,-0.007074392413308886,0.410715004477319,-0.24087366111171768,0.09879031965403397,0.05102733731005396,0.0753786296191924
